screen_name,friends_count,tweets_count,linkedin,snapchat,instagram,facebook,followers_count,favourites_count,qtyMentions,qtyHashtags,qtyUrls,qtyEmojis,profile_pic_gender,age
ralphalmuser,626,81515,False,False,True,False,605,13891,0.41,0.01,0.11,0.11,0,18-24
pachogruas,338,319,False,False,False,False,128,22,0.7,0.76,0.38,0.07,0,25-xx
mrtfernandez,1865,41044,False,False,False,False,129821,69689,1.12,0.07,0.17,0.05,2,25-xx
rrebolledo,880,3622,False,False,False,False,908,2517,0.82,0.64,0.84,0.06,2,25-xx
maria_vega_,567,1519,False,False,False,False,1574,215,0.88,0.04,0.32,0.14,0,25-xx
gemaconga,507,4016,False,False,False,False,185858,104,0.96,0.33,0.33,0.17,2,25-xx
olgarodriguezfr,4792,17746,False,False,False,False,88404,39469,0.6,0.11,0.61,0.1,2,25-xx
vigelacoaching,257,1228,False,False,False,False,618,420,0.99,0.32,0.43,0.06,0,25-xx
alvarogarciap90,720,6450,False,False,False,False,276,1037,0.79,0.07,0.07,0.08,0,18-24
mmendizabal1,852,7052,False,False,False,False,129904,288,0.53,0.23,0.58,0.15,2,25-xx
naturalvoyager,3491,9730,False,False,False,False,3052,865,0.82,0.63,0.78,0.05,1,25-xx
beltran_lola,213,1059,False,False,False,False,312,30,0.33,0.46,0.89,0.21,2,18-24
h_torres,532,6138,False,False,False,False,210,205,0.55,0.14,0.09,0.05,1,18-24
isanseba,640,37610,False,False,True,False,108664,4386,1.42,0.04,0.21,0.38,2,25-xx
ncampos,1789,7606,False,False,False,False,1837,7,0.82,0.3,0.08,0.03,1,25-xx
mistrals,3174,47941,False,False,False,False,137131,2025,0.56,0.01,0.75,0.07,0,25-xx
manushgalvan,1059,2966,False,False,False,False,2052,1208,0.63,0.94,0.7,0.26,1,25-xx
mfeijoo,951,9053,False,False,False,False,3329,275,1.12,0.6,0.36,0.21,0,25-xx
juancarcubeiro,3094,25310,False,False,False,False,13996,1947,1.31,1.14,0.77,0.1,1,25-xx
a_valenzuela,4188,47954,False,False,False,False,59272,33414,1.31,0.26,0.38,0.99,2,25-xx
srouvier,736,10845,False,False,False,False,2301,2829,0.73,0.29,0.18,0.11,2,25-xx
antoniorull,1393,37782,False,False,True,False,3884,2769,0.85,0.1,0.3,0.29,1,25-xx
abarceloh25,376,6319,False,False,False,False,410797,88,1.14,0.01,0.21,0.02,2,25-xx
juanma_nieves,643,6647,False,False,False,False,292,1208,1.2,0.04,0.42,0.04,0,25-xx
alberto_blanco,897,10770,False,False,False,False,5371,5,1.03,0.5,0.63,0.22,1,25-xx
alexandraaberr,338,155,False,False,False,False,158,51,0.58,0.53,0.34,0.09,2,18-24
ser_seo,1990,4158,False,False,False,False,2459,387,0.11,0.76,0.96,0.12,0,25-xx
gomezdelpozuelo,12321,16454,True,False,False,False,93336,392,0.49,0.09,0.66,0.13,2,25-xx
angelmgtech,247,270,True,False,False,False,61,45,0.11,4.56,0.97,0.07,0,25-xx
marta_dominguez,901,13521,False,False,False,False,1474,1797,0.36,0.31,0.63,0.18,2,25-xx
maripuchi,1872,40393,False,False,False,False,7207,7736,0.97,0.36,0.2,0.47,2,25-xx
jsanchezfranco,1195,4151,False,False,False,False,1529,773,0.43,1.45,0.3,0.07,1,25-xx
adela_micha,415,58907,False,False,False,False,4647584,68,0.02,0.0,0.98,0.09,0,25-xx
sboxcoaching,1724,3325,False,False,False,False,1214,293,0.07,0.23,0.78,0.74,0,25-xx
naruedyoh,2317,507239,False,False,False,False,173145,689,0.92,0.04,0.15,0.05,1,18-24
anablanco_tve,73,204,False,False,False,False,118668,1,0.23,0.6,0.11,0.07,2,25-xx
rhmedia_es,124,2334,False,False,False,False,1330,72,0.89,0.25,0.74,0.13,0,25-xx
juantorreslopez,1760,10072,False,False,False,False,53485,1329,0.91,0.02,0.46,0.04,0,25-xx
garciaaller,2443,13488,False,False,True,False,13344,9419,1.29,0.2,0.42,0.09,2,25-xx
maritriniginer,2984,41862,False,False,False,False,9280,19571,0.76,1.21,0.76,0.72,0,25-xx
mabelbullon,123,502,False,False,False,False,121,7,0.61,0.28,0.94,0.11,2,25-xx
jmgomezperez,1730,8466,False,False,False,False,1791,1,0.48,0.1,0.26,0.1,1,25-xx
luistomala,1609,735325,False,False,False,False,1886,773,0.14,0.08,1.03,0.06,1,25-xx
chgarciacortes,1241,5565,False,False,False,False,126882,88,0.78,0.13,0.19,1.21,0,25-xx
javierbri,694,9217,False,False,False,False,725,1152,1.2,0.97,0.9,0.31,1,25-xx
sorianomarina,598,989,True,False,False,False,478,89,1.02,0.45,0.35,0.14,2,18-24
ojecua,402,1055,False,False,False,False,328,44,0.81,0.28,0.24,0.12,2,25-xx
jesusferre,552,11948,False,False,False,False,1602,593,1.04,0.33,0.28,0.12,0,25-xx
shora,706,6730,False,False,False,False,5245,8,0.74,0.03,0.26,0.23,2,25-xx
helenaancos,2411,16822,False,False,False,False,5173,7173,0.73,0.64,0.89,0.06,2,25-xx
claudiogarcia82,1898,27966,False,False,False,False,2320,779,0.07,2.59,0.97,0.04,1,25-xx
maitefinch,4583,29983,False,False,False,False,4891,5914,0.7,0.83,0.65,0.39,2,25-xx
rafadiaz1,918,17459,False,False,False,False,4368,6435,1.04,1.0,0.64,0.24,0,25-xx
marielabejar,994,36672,False,False,False,False,8831,823,0.43,0.49,0.52,0.23,2,25-xx
carlosecue,1129,18546,False,False,False,False,114343,92,0.55,0.01,0.38,0.08,1,25-xx
oscargcervella,821,7160,False,False,False,False,421,612,0.09,1.21,0.92,0.06,1,25-xx
nagodelos,937,4929,False,False,False,False,5648,1345,1.43,0.77,0.51,0.31,2,25-xx
segundaopor,119,299,False,False,False,True,66,44,0.18,0.54,0.81,0.03,0,25-xx
emiliodebenito,366,11874,False,False,False,False,7004,1852,1.54,0.2,0.64,0.09,1,25-xx
emoragues,947,1456,False,False,False,False,571,17378,0.87,0.42,0.13,0.12,1,25-xx
espinosa_albert,462,14010,False,False,False,False,204601,23385,0.77,0.11,0.14,0.72,1,25-xx
ginesalarcon,392,5850,False,False,False,False,935,1406,0.61,0.1,0.52,0.06,1,25-xx
mmmendieta,502,13220,False,False,False,False,2975,9876,1.13,0.08,0.38,0.13,0,25-xx
perezreverte,889,31011,False,False,False,False,1899594,0,1.18,0.0,0.2,0.02,1,25-xx
felixbernet,1116,25918,False,False,False,False,1315,416,1.03,0.72,0.87,0.05,0,25-xx
moveiter,884,2495,False,False,False,False,964,95,0.69,0.37,0.94,0.04,0,25-xx
cesardalmau,151,2946,True,False,False,False,1179,67,1.26,1.36,0.07,0.13,1,25-xx
mateodomenech,32,169,False,False,False,False,43,1,0.26,0.34,0.66,0.04,1,25-xx
prodigy_man,2129,9443,False,False,False,False,572,20,0.06,0.23,0.84,0.06,1,25-xx
fjaureguic,6535,16579,False,False,False,False,24789,39,1.11,0.01,0.37,0.05,0,25-xx
vanis,1377,40591,False,False,False,False,52718,4077,1.03,0.27,0.28,0.2,1,25-xx
diegoisabel1,1919,4959,False,False,False,False,10948,1122,1.16,0.14,0.53,0.14,1,25-xx
mikomonik,247,5088,False,False,False,False,272,17,0.41,0.99,0.41,0.26,2,18-24
mariupaolini,578,1705,False,False,False,False,720,215,0.68,0.33,0.05,0.46,2,25-xx
josetrecet,2371,6548,False,False,False,False,3294,813,0.39,0.35,0.97,0.06,1,25-xx
silviacobo,2753,25023,False,False,False,False,13114,2391,0.63,0.24,0.61,0.23,2,25-xx
thffernando,153,42367,False,False,False,False,12379,1069,1.74,0.02,0.24,0.05,1,25-xx
pfcdgayo,742,7170,False,False,False,False,1305,10030,1.06,0.02,0.17,0.2,1,25-xx
titatorro,355,5910,False,False,False,False,10654,5687,1.13,0.1,0.02,0.94,0,18-24
helenaresano,668,27794,False,False,True,False,84843,3238,0.3,0.07,0.2,0.11,2,25-xx
hectormilla,737,16814,False,False,False,False,3991,1682,0.38,0.21,0.81,0.09,1,25-xx
jgarridoo,651,9452,False,False,False,False,1359,1113,1.02,1.47,0.77,0.05,1,25-xx
biogeocarlos,3056,16870,False,False,False,False,4298,5341,1.79,0.28,0.27,0.86,0,25-xx
sandra_garciaf,254,118,False,False,False,False,136,18,0.64,0.18,0.72,0.16,2,25-xx
pep_jimenez,2056,11151,False,False,False,False,1876,456,0.61,0.28,0.76,0.05,1,25-xx
joancmarch,26686,70321,False,False,False,False,27141,20633,2.36,1.2,0.51,0.09,0,25-xx
heteronima,977,3237,False,False,False,False,432,1028,0.68,0.91,0.35,0.16,0,25-xx
etnika,671,6291,False,False,False,False,987,742,0.47,0.47,0.22,0.42,2,25-xx
sebasmuriel,7968,53151,False,False,False,False,17912,2,0.68,0.12,0.82,0.31,1,25-xx
lopezdoriga,1341,195412,False,False,False,False,7858480,746,0.29,0.27,0.87,0.09,1,25-xx
diegocobelo,178,340,False,False,False,False,320,11,0.89,0.61,0.17,0.24,1,25-xx
globalbrand_,2498,7020,False,False,False,False,2252,172,0.26,0.03,0.92,0.06,0,25-xx
pabloformoso,997,13612,True,False,False,False,1154,1197,0.87,0.21,0.3,0.5,1,25-xx
ivanpuente,177,9022,False,False,False,False,1014,1194,0.47,1.13,0.41,0.13,1,25-xx
quiquemateuvlc,1989,5083,False,False,False,False,2140,104,0.67,0.43,0.64,0.06,1,25-xx
julietabolullo,2076,19147,False,False,False,False,2751,4257,0.8,0.57,0.35,1.17,0,25-xx
mrgomezponce,2894,11231,False,False,False,False,4179,9738,1.26,1.13,0.57,0.18,2,25-xx
jesusencinar,402,10066,False,False,False,False,93419,1087,0.2,0.09,0.35,0.07,1,25-xx
jordimirobruix,1754,75105,False,False,False,False,2857,1491,1.39,0.3,0.13,0.14,1,25-xx
robcarballo,2840,16012,False,False,False,False,2743,5,0.9,0.12,0.25,0.07,1,25-xx
pepecuesta,4219,6450,False,False,False,False,4837,198,1.16,0.27,0.3,0.42,1,25-xx
carmechaparro,3322,28439,False,False,False,False,123326,6524,0.92,0.12,0.27,0.45,0,25-xx
juancmselma,536,8771,False,False,False,False,709,250,0.42,1.75,0.77,0.26,1,25-xx
juliagomezcora,297,2256,False,False,False,False,2482,1541,0.71,0.11,0.21,0.11,2,25-xx
morenobarber,406,1856,False,False,False,False,34391,110,0.49,0.18,0.52,0.06,1,25-xx
yoleidycarvajal,960,8972,False,False,False,False,967,474,0.67,0.7,0.46,0.13,2,25-xx
monicamoro,1578,50391,False,False,False,False,9995,2353,0.39,0.66,0.78,0.16,2,25-xx
mranera,25394,11714,False,False,False,False,50524,421,1.38,1.11,0.66,0.1,2,25-xx
soozmoody,174,2333,False,False,False,False,1358,59,1.0,0.26,0.21,0.07,2,25-xx
juanant_galindo,4755,12856,False,False,False,False,8990,370,0.73,0.27,0.73,0.1,1,25-xx
evacolladoduran,17616,93154,False,False,False,False,73828,12403,1.96,1.34,0.71,0.32,2,25-xx
copano,22460,155158,False,True,False,False,811001,12516,0.34,0.13,0.5,0.07,0,25-xx
jalguerrero,534,10923,False,False,False,False,3915,0,2.86,0.0,0.94,0.04,1,25-xx
nuriarocagranel,230,29555,False,False,False,False,229492,35,0.69,0.31,0.56,2.18,2,25-xx
alfonsomarco,787,5403,False,False,False,False,1201,20,0.01,0.0,0.67,0.05,1,25-xx
david_carnicer,443,2145,False,False,False,False,666,71,0.12,0.0,1.07,0.24,0,25-xx
elenhitaes,630,4217,False,False,False,False,1793,299,0.94,0.56,0.58,0.08,2,25-xx
lutxana,1036,20530,False,False,False,False,1280,12702,1.05,1.14,0.82,0.16,2,25-xx
carmen_rrhh,2555,2483,False,False,False,False,2861,746,0.72,1.73,0.74,0.12,2,25-xx
pilarroch,1524,2994,False,False,False,False,2358,474,1.4,0.34,0.45,0.09,2,25-xx
globaltattooma,13,5325,False,False,False,False,230,0,0.0,0.02,1.09,0.06,2,25-xx
ovibarcelo,659,5671,False,False,False,False,1865,3553,1.32,0.56,0.56,0.28,1,25-xx
acedotor,16825,110185,False,False,False,False,15950,13848,2.46,1.62,0.76,0.05,1,25-xx
kicorangel,939,4823,False,False,False,False,1336,562,0.57,0.23,0.41,0.26,1,25-xx
cesarpiqueras,226,18136,False,False,False,False,13207,7096,0.18,0.89,0.47,0.37,1,25-xx
jgonzalez_es,957,1574,False,False,False,False,823,777,1.13,0.66,0.98,0.09,1,25-xx
rosamariaartal,2764,213082,False,False,False,False,90651,8539,0.9,0.04,0.49,0.12,0,25-xx
ebdtraining,141,824,False,False,False,False,160,1,0.17,0.29,0.25,0.02,1,25-xx
ramirofortea,99,954,False,False,False,False,110,27,0.3,0.33,0.69,0.08,1,25-xx
galachitaa,675,2708,False,False,False,False,864,130,0.8,0.54,0.44,0.78,2,25-xx
petezin,6417,46977,False,False,False,False,42553,8431,1.2,0.56,0.53,0.22,2,25-xx
worldreaders,13479,9790,False,False,False,False,16853,7374,1.15,0.27,0.64,0.09,0,25-xx
susannagriso,568,20994,False,False,False,False,589175,1721,0.31,0.25,0.85,0.08,2,25-xx
elenavama,85,1050,False,False,False,False,72,148,0.25,1.02,0.61,0.41,0,18-24
clementealvarez,1181,3686,False,False,False,False,11554,707,0.31,0.13,0.74,0.06,1,25-xx
luvsayal,50,1158,False,False,False,False,631,2126,0.75,0.09,0.03,0.37,0,25-xx
albertoartero,74,17423,False,False,False,False,11001,3,0.83,0.04,0.46,0.05,1,25-xx
joanplanas,3183,25859,False,False,True,False,4343,833,0.83,0.06,0.38,0.22,1,25-xx
victoriabioque,1561,7887,False,False,False,False,2477,1406,1.16,0.89,0.38,0.07,2,25-xx
milaximenez,266,13582,False,False,False,False,395579,85,0.67,0.01,0.03,2.1,2,25-xx
webempresa20,5843,26225,False,False,False,False,20595,1477,0.12,0.01,0.95,0.1,2,25-xx
hector_cabrera_,216,647,False,False,False,False,242,85,0.83,0.52,0.57,0.04,1,25-xx
anamariallopis,3911,15389,False,False,False,False,17455,1291,0.89,0.67,0.2,0.06,2,25-xx
jesusgallent,1633,186597,True,False,False,False,10715,794,1.45,0.08,0.12,0.52,1,25-xx
fernand0,3103,64819,False,False,False,False,6011,2035,0.36,0.01,0.48,0.11,1,25-xx
nataliagomez_es,10984,5537,False,False,False,False,25736,34,0.57,0.5,0.82,0.11,2,25-xx
virgula,402,4191,False,False,False,False,1246,4,0.81,0.12,0.05,0.3,2,25-xx
lourdesmunoz,10826,21288,False,False,False,False,11318,6029,0.92,1.29,0.78,0.13,2,25-xx
leonardpera,1008,12672,False,False,False,False,1158,380,0.61,0.26,0.31,0.07,1,25-xx
kenshin23,925,16993,False,False,False,False,816,211,0.38,0.14,0.13,0.06,1,25-xx
pilarajev,96,1776,False,False,False,False,435,430,1.94,0.33,0.13,0.08,2,25-xx
corallarrosa,772,10229,True,False,False,False,2269,1471,0.71,0.66,0.57,0.08,2,25-xx
ytzvan,653,67287,False,False,False,False,2002,1745,0.78,0.09,0.19,0.37,1,18-24
energica,1210,7220,False,False,False,False,2486,2775,0.91,0.18,0.27,0.13,2,25-xx
juanmerodio,60,22693,False,False,False,False,101351,56,0.43,0.58,0.76,0.39,1,25-xx
almarro1,243,117,False,False,False,False,53,16,0.27,0.32,0.1,0.06,1,25-xx
granero,162,7363,False,False,False,False,233,634,0.29,0.16,0.35,0.11,0,25-xx
mgdelpozuelo,13658,3311,False,False,False,False,32285,2446,1.12,0.53,0.67,0.05,2,25-xx
catyforteza,921,686,False,False,False,False,137,190,1.09,0.19,0.16,0.22,2,25-xx
miss_belmont,225,2890,False,False,False,False,332082,1352,0.88,0.65,0.1,1.21,0,18-24
aliciapomares,6789,30752,False,False,False,False,25060,14819,1.55,0.6,0.61,0.6,2,25-xx
chapoypati,255,49388,False,False,False,False,922737,11039,0.22,0.05,0.63,0.17,0,25-xx
acoronadoc,215,12554,False,False,False,False,778,457,0.22,0.47,0.5,0.19,1,25-xx
andreurobuste,379,4877,False,False,False,False,363,773,3.41,0.35,0.21,0.14,0,25-xx
carlosbecler,33,79,False,False,False,False,49,9,0.91,0.37,0.06,0.04,0,18-24
anavidalegea,288,206,False,False,False,False,388,174,0.39,0.93,0.4,0.11,2,25-xx
msconcu,1366,34687,False,False,False,False,3207,5277,0.79,0.49,0.42,0.52,2,25-xx
gabiplanas_rrhh,2523,1950,False,False,False,False,1641,1609,0.96,1.64,0.46,0.11,2,25-xx
billiesastre,1998,22622,False,False,False,False,8019,802,0.92,0.35,0.47,0.49,2,25-xx
arangocoaching,2638,13895,False,False,False,False,5364,670,0.86,0.4,0.49,0.09,2,25-xx
pcvillarcayo,345,4902,False,False,False,False,614,1813,1.29,1.28,0.39,0.21,1,25-xx
diegolleo,32,308,False,False,False,False,259,25,0.58,0.27,0.29,0.11,1,25-xx
cris_villanueva,433,3473,False,False,False,False,27306,409,0.89,0.16,0.22,0.14,2,25-xx
belenboville,477,584,False,False,False,True,593,41,0.76,0.1,0.5,0.04,2,25-xx
javiersalinas00,1115,19971,False,False,False,False,846,43,0.29,0.2,0.44,0.03,1,25-xx
carlosguadian,2143,32353,False,False,False,False,9978,190,2.16,1.86,0.95,0.16,1,25-xx
tereamor,1605,45723,False,False,False,False,2246,1652,0.89,0.21,0.41,0.3,2,25-xx
eblanperis,3881,14197,False,False,True,False,8712,4027,1.02,1.38,0.77,0.53,2,25-xx
lourdesverger,748,11937,False,False,False,False,1084,1616,0.57,0.56,0.41,0.29,2,25-xx
factoriagris,593,21352,False,False,False,False,1325,6,0.11,1.59,1.04,0.07,0,25-xx
respetocanas,655,16401,False,False,False,False,7727,4225,0.76,0.24,0.1,0.16,0,25-xx
charoizquierdo,2299,24048,False,False,True,False,23111,3914,0.78,0.92,0.71,0.07,2,25-xx
perejoanmitjans,448,4639,False,False,False,False,480,1039,0.78,0.19,0.48,0.08,1,25-xx
carolinagavilan,544,2018,False,False,False,False,642,1141,0.82,0.2,0.71,0.21,2,25-xx
_anamilan_,671,63084,False,False,False,False,366573,12912,1.37,0.09,0.11,0.64,2,25-xx
wellcomm,6480,13938,False,False,False,False,8706,1084,0.74,0.74,0.78,0.08,0,25-xx
rodriguezbraun,110,64480,False,False,False,False,95214,18720,2.02,0.36,0.35,0.21,1,25-xx
gomezrufo,538,2702,False,False,False,False,1360,773,0.78,0.14,0.28,0.03,0,25-xx
albeitar,1074,3141,False,False,False,True,631,304,0.7,0.14,0.65,0.13,0,25-xx
manuelgimnez,131,600,False,False,False,False,528,442,0.46,0.78,0.81,0.09,1,25-xx
elissambura,99,1654,False,False,False,True,200,17,0.02,0.85,0.95,0.12,0,25-xx
el_pakozoico,963,7101,False,False,False,False,3154,4891,1.59,0.39,0.23,0.29,1,25-xx
luisdiazdeldedo,347,606,False,False,False,False,53131,12070,1.36,0.27,0.13,0.49,1,25-xx
mlaudisio,1576,5532,True,False,False,False,930,984,0.25,0.95,0.54,0.07,0,25-xx
luisgosalbez,335,6124,False,False,False,False,2041,896,0.96,0.24,0.16,0.45,1,25-xx
acliment,196,708,False,False,False,False,353,57,0.26,0.03,0.14,0.16,1,25-xx
esperanzaguirre,3653,5557,False,False,False,False,565178,2882,0.44,0.12,0.17,0.08,2,25-xx
e_valero,1224,4542,False,False,False,False,1370,2830,1.35,0.51,0.25,0.36,2,25-xx
cutefilm,330,1346,False,False,False,False,309,610,0.52,0.75,0.4,0.19,0,25-xx
flowergirona,110,421,False,False,False,False,397,256,0.57,0.78,0.81,0.1,0,25-xx
carmengelices,604,1346,True,False,False,False,327,134,0.52,0.3,0.47,0.15,2,25-xx
pablo_astudillo,174,2494,False,False,False,False,105,33,0.29,0.07,0.27,0.27,1,25-xx
crisalonsofran,2120,24051,False,False,False,False,2160,2377,0.82,0.26,0.54,0.4,2,25-xx
pedrobiurrun,468,11515,False,False,False,False,3766,145,0.58,0.05,0.77,0.18,1,25-xx
alesonline,76,4879,False,False,False,False,327,1089,0.92,0.29,0.54,0.17,1,25-xx
juanlusanchez,2415,56002,True,False,False,False,83894,12021,0.74,0.09,0.55,0.2,1,25-xx
lourdesmoralesg,324,253,False,False,False,False,171,5,0.68,1.09,0.76,0.09,0,25-xx
miguel_a_alonso,170,3351,False,False,False,False,216,1503,0.36,0.03,0.72,0.08,1,25-xx
ejoana,29988,12671,True,False,False,False,55480,3865,1.12,0.94,0.55,0.15,2,25-xx
monicadeza,2734,4447,False,False,False,False,4414,709,1.29,0.49,0.37,0.1,2,25-xx
juancbarcelo,8979,43605,False,False,False,False,15307,672,0.68,1.42,0.93,0.09,1,25-xx
adelaidauma,278,253,False,False,False,False,2420,2,0.54,0.05,0.6,0.02,2,25-xx
vdgracia,38,4771,False,False,False,False,209,20,0.53,0.15,0.91,0.06,0,25-xx
teresa_perales,733,2763,False,False,False,False,34013,6668,1.13,0.37,0.28,0.98,2,25-xx
hacheromero,2640,54004,False,False,False,False,3219,15170,0.95,0.07,0.52,0.16,1,25-xx
juanjomorodo,193,4558,False,False,False,False,1976,39,0.27,2.0,0.13,0.06,1,25-xx
luismiguelcas,1419,8914,False,False,False,False,806,422,1.04,0.47,0.43,0.06,1,25-xx
jogartra,606,2298,True,False,False,False,390,23,0.33,0.23,0.35,0.14,1,25-xx
ingeosolum,598,4520,False,False,False,False,1985,74,0.58,0.65,0.93,0.33,0,25-xx
amigerpe,159,5623,False,False,False,True,456,483,0.82,0.79,0.57,0.18,2,25-xx
tinofernandez,589,3873,False,False,False,False,4831,59,1.46,0.08,0.81,0.28,1,25-xx
bibiladi,68,198,False,False,False,False,198,227,0.82,0.34,0.09,0.09,2,25-xx
iescolar,5083,64679,False,False,False,False,786281,2391,0.21,0.01,0.96,0.07,1,25-xx
carmenalcayde,445,17546,False,False,False,False,319503,1717,0.33,0.4,0.77,1.67,2,25-xx
elviralindo,226,1887,False,False,False,False,235937,523,0.6,0.18,0.58,0.06,2,25-xx
martarodrigueza,7815,27326,True,False,False,False,9393,12349,1.23,0.1,0.73,0.19,2,25-xx
eapesteguia,1566,36303,False,False,False,False,14685,4218,0.79,0.62,0.67,1.24,1,25-xx
luislopezcuenca,461,4904,False,False,False,False,1432,1142,1.3,0.75,0.43,0.45,1,25-xx
brunopintom,1626,24088,False,True,True,False,791,9904,0.42,0.08,0.05,0.46,0,18-24
roomiflores_,4718,37951,False,False,True,False,5020,15671,0.05,0.02,0.13,0.48,0,18-24
juanmusumeci07,887,48429,False,False,True,False,1318,8554,0.24,0.01,0.03,0.11,1,10-17
tamaracolmaan,954,61226,False,False,False,False,1136,4228,0.24,0.0,0.09,0.19,0,18-24
roburato1,649,4371,False,False,False,False,480,1157,0.11,0.16,0.0,1.1,2,18-24
mlpassio,75,2474,False,False,False,False,30,469,0.3,0.0,0.38,0.03,1,25-xx
vanemtl,653,39641,False,False,False,False,1477,13671,0.33,0.08,0.16,0.59,0,18-24
ampii_sola,871,45925,False,False,False,False,2466,12552,0.25,0.01,0.05,1.13,0,10-17
andradaceleste,694,40388,False,False,False,False,801,5039,0.32,0.0,0.05,1.25,2,18-24
anttomartina,71,558,False,False,False,False,26,242,0.07,0.0,0.52,1.02,0,18-24
dianamateos10,830,22982,False,False,False,True,965,3114,0.07,0.0,0.02,0.62,0,10-17
nachogmoreira,2347,18233,False,False,False,False,1612,5896,0.59,0.06,0.06,0.41,0,18-24
julidorado15,843,22032,False,False,False,False,981,2919,0.04,0.12,0.01,1.09,0,10-17
florburelli,216,1348,False,False,False,False,130,388,0.12,0.29,0.02,1.05,2,18-24
lucrerusa2,398,2692,False,False,False,False,602,3395,0.24,0.05,0.05,0.96,0,10-17
daaaibravo5,1338,22952,False,False,False,True,1292,2128,0.23,0.03,0.09,1.21,0,18-24
giulianodanok,3784,13007,False,False,True,False,4397,4914,0.11,0.0,0.27,0.28,1,18-24
roohernande,2216,26783,False,False,False,False,1848,23338,0.1,0.01,0.04,1.19,1,18-24
inmonoel,501,2809,False,False,False,False,302,281,0.29,0.63,0.92,0.04,0,25-xx
juliett1215,1117,29155,False,False,False,False,1116,8804,0.23,0.01,0.04,0.47,0,18-24
natiferreirac,936,15228,False,False,True,False,934,8850,0.14,0.16,0.14,0.3,0,18-24
_brisa17abigail,491,7085,False,False,False,False,403,12053,0.14,0.02,0.09,0.49,0,10-17
luusimonini,202,1399,False,False,False,False,222,376,0.12,0.0,0.01,1.65,1,18-24
sofi_devega,545,32807,False,False,True,False,1016,12983,0.41,0.03,0.17,1.2,0,18-24
zoyasanchez,378,3873,False,False,False,True,295,1468,0.06,0.03,0.07,0.4,0,10-17
agustinavilch17,954,1421,False,False,False,False,551,335,0.06,0.01,0.0,2.1,2,18-24
ro_castiglioni,591,1095,False,False,True,False,120,935,1.13,2.51,0.04,0.97,2,10-17
celeste0234,2837,29223,False,False,False,True,2522,21423,0.24,0.03,0.07,1.94,2,18-24
mili_campos_,527,3304,False,False,False,False,721,1296,0.15,0.03,0.07,1.8,2,18-24
agus_gonzalez26,1038,104260,False,True,False,False,2110,14608,0.37,0.0,0.27,0.17,2,18-24
vicky_larrosa1,647,10242,False,True,True,True,385,1712,0.09,0.0,0.05,1.5,2,18-24
carolina__01,972,38978,False,False,False,False,927,8005,0.21,0.0,0.1,0.43,2,10-17
nikysemeria,414,23325,False,False,True,False,580,8524,0.07,0.0,0.23,0.38,2,18-24
roominalucia,217,19471,False,True,True,True,412,1597,0.08,0.0,0.1,0.47,0,10-17
faculiencres,662,25582,False,False,False,True,768,10539,0.38,0.01,0.14,0.05,1,18-24
lucasilva016,541,19277,False,True,True,False,1240,2545,0.04,0.0,0.01,0.23,1,10-17
vanes3996,295,13463,False,False,False,True,358,480,0.09,0.11,0.01,0.1,0,18-24
rubiaaaenana,3603,26963,False,False,True,True,3411,6438,0.05,0.01,0.04,0.88,0,10-17
natanahelcndf,2170,32335,False,False,False,False,2137,4792,0.04,0.0,0.11,0.28,0,18-24
12arielsosa,186,6510,False,False,False,False,1681,3857,0.51,0.16,0.21,0.22,1,25-xx
elianamartin8,712,67743,False,False,False,False,1348,838,0.27,0.0,0.07,0.69,2,18-24
marcecosta1891,161,93092,False,False,False,False,1402,6729,0.09,0.01,0.18,0.03,1,18-24
institutoui,18,468,False,False,False,False,50,2,0.09,0.25,0.89,0.33,0,18-24
carlos___g,331,5402,False,True,False,False,332,2345,0.07,0.0,0.03,0.11,1,18-24
rosariomagnou,1425,49711,False,False,False,False,683,36042,5.05,0.75,0.23,0.08,2,25-xx
candelarodrgu13,137,1399,False,False,False,False,69,220,0.04,0.0,0.01,1.67,2,10-17
carburandotv,751,61056,False,False,False,False,73834,807,0.65,2.17,0.7,0.95,0,25-xx
fedeabatangelo,833,39770,False,True,True,True,1529,10812,0.43,0.0,0.07,0.08,0,18-24
alejandroide_25,1249,81375,False,False,False,False,855,2610,0.47,0.27,0.26,0.55,0,25-xx
brian_matassa,168,19338,False,False,False,False,1033,4117,0.16,0.01,0.06,0.64,1,18-24
alemandra19,291,6275,False,False,False,True,229,2817,0.19,0.01,0.07,0.45,0,18-24
mmarcosgodoy97,155,1131,False,False,False,False,300,6211,0.23,0.33,0.05,0.28,0,18-24
liilu_franco,1053,43004,False,False,True,False,1270,10235,0.25,0.0,0.18,0.16,0,10-17
aguuus28,588,4709,False,False,False,True,580,2655,0.06,0.01,0.04,0.56,1,18-24
yanella_salatto,15,18,False,False,False,False,3,44,0.44,0.06,0.06,2.56,1,10-17
tomii0410,554,42681,False,False,False,False,5337,13160,0.61,0.45,0.18,0.38,1,10-17
jhohanaaaam,616,11024,False,False,True,False,862,4001,0.23,0.0,0.07,0.3,2,10-17
clauditah_nn,28,1170,False,False,True,False,58,2494,0.65,0.21,0.28,0.63,0,10-17
lucia_villar,321,19987,False,False,False,False,512,7883,0.54,0.04,0.03,0.62,2,25-xx
jennbardecio,129,124,False,False,False,False,30,514,1.12,0.18,0.07,1.21,2,25-xx
valentinaaa1297,332,17150,False,False,False,False,396,4087,0.07,0.0,0.07,0.48,0,18-24
biosistemasuy,1460,1557,False,False,False,False,537,320,0.23,0.38,0.73,0.12,0,25-xx
lulypeteanc,708,20650,False,False,False,False,843,2427,0.4,0.13,0.04,1.12,2,18-24
francocairo02,169,5329,False,False,False,False,533,613,0.16,0.07,0.12,0.07,0,10-17
jul14nbarissani,709,31882,False,False,False,False,1135,5107,0.48,0.04,0.2,0.19,1,18-24
pamemememesia15,155,9211,False,False,True,False,242,3650,0.53,0.0,0.15,0.05,2,18-24
gabrielf0rmento,236,6342,False,False,False,True,216,2783,0.2,0.01,0.01,0.21,1,18-24
facuufrancese5,848,21904,False,False,False,False,1114,10085,0.32,0.27,0.36,0.5,1,10-17
mikaag_smile,2784,66189,False,False,False,False,2342,71480,0.23,0.0,0.02,1.13,0,18-24
enzosantander14,518,9566,False,False,False,False,585,7765,0.55,0.0,0.06,1.12,1,10-17
camfla,323,3455,False,False,False,False,217,1835,0.49,0.01,0.5,0.04,2,25-xx
marsitavidal,306,47990,False,False,True,False,512,26380,0.25,0.03,0.21,0.93,2,18-24
leogomez9999,490,28764,False,False,False,False,739,4271,0.36,0.04,0.02,1.05,1,10-17
015edith,178,1611,False,False,True,False,181,2244,0.29,0.02,0.04,1.16,2,10-17
brianinsuacjs,6729,34570,False,False,True,False,8004,9537,0.16,0.01,0.07,0.44,1,18-24
fransaxlund,3144,35831,False,False,False,False,1196,7648,1.47,0.17,0.17,0.12,1,18-24
bettiaguilera,636,7148,False,False,False,False,404,2937,0.03,0.01,0.03,0.88,0,10-17
nicouuss,47,2273,False,False,False,False,88,3859,1.37,0.17,0.17,0.22,0,18-24
oriigartland,589,6567,False,False,False,False,659,1386,0.16,0.01,0.03,0.66,0,10-17
bekernanni,1835,21978,False,False,False,False,3441,35575,0.17,0.0,0.16,0.35,2,18-24
joakomirasol,380,12705,False,False,False,False,829,12429,1.06,0.02,0.04,0.01,0,18-24
solemi245,219,14172,False,False,False,False,383,2713,0.16,0.02,0.08,1.03,1,10-17
maurivilaa,157,4072,False,False,False,False,195,947,0.2,0.0,0.06,0.07,1,10-17
nahir_intorre,969,15996,False,False,False,False,307,3667,0.05,0.0,0.01,0.53,2,18-24
fraancodaaniel1,1077,22451,False,True,False,True,744,1741,0.05,0.02,0.01,0.14,1,10-17
jurimarok,483,5170,True,False,False,False,248,3693,1.23,0.56,0.24,1.06,1,10-17
zanoni_f,297,3822,False,False,False,False,429,1712,0.52,0.02,0.01,0.37,0,18-24
francoserra17,409,8551,False,False,True,False,540,1622,0.09,0.0,0.03,0.25,0,18-24
facumeneses,1633,4209,False,False,False,False,1707,7276,0.23,0.01,0.16,0.07,0,18-24
paulapinzone,1919,18840,False,False,False,False,2200,3811,0.39,0.21,0.03,0.34,0,18-24
valentinademarc,2435,59544,False,False,False,True,2162,23813,0.38,0.04,0.14,0.31,1,10-17
rociovecino_18,778,18228,False,False,False,True,1033,1417,0.15,0.0,0.06,1.07,0,18-24
federiicogrosso,441,4643,False,False,False,False,226,982,0.25,0.26,0.07,0.01,1,25-xx
neverlandlss,614,36173,False,True,True,False,772,12288,0.13,0.0,0.37,0.22,2,10-17
juiglesias07,103,14674,False,False,False,False,418,2547,0.06,0.01,0.05,0.27,0,18-24
sebatorok,494,14952,False,False,False,False,11465,4652,1.31,1.33,0.26,0.22,1,10-17
damianloyarte,56812,98703,False,False,True,True,105900,266,0.65,0.07,0.1,0.73,0,18-24
facusuarez08,250,9201,False,False,False,False,311,2538,0.47,0.02,0.11,0.1,1,18-24
carlosgomezuy,441,2982,False,False,False,False,236,1417,0.46,0.06,0.25,0.07,0,10-17
brianramirez98,824,4229,False,False,False,False,493,552,0.07,0.11,0.22,0.35,1,18-24
silvakaren8,1083,16032,False,False,False,False,871,2470,0.04,0.21,0.27,0.29,0,18-24
cbdk2011,262,166,False,False,False,False,30,166,0.85,0.04,0.25,0.84,2,25-xx
micaelaagomeez1,256,9675,False,False,False,False,573,2973,0.02,0.01,0.12,0.75,2,18-24
anitafraga,415,70755,False,True,True,False,993,37704,0.15,0.0,0.09,0.07,2,18-24
revistahipismo,196,203,False,False,False,False,152,0,0.0,0.0,0.01,0.16,0,10-17
lucianovillalv1,352,1725,False,False,False,False,230,1512,0.14,0.02,0.06,0.98,0,10-17
astrosgarbuyo,640,308,False,False,False,False,185,332,0.63,0.14,0.37,0.14,0,25-xx
yanymombelli04,4999,17474,False,False,False,False,688,17025,2.83,0.38,0.14,2.33,0,25-xx
camilasayus,1388,38466,False,False,False,False,1930,2927,0.24,0.01,0.01,0.67,1,18-24
maguicamposs,517,8937,False,False,False,True,905,3515,0.17,0.01,0.08,0.83,2,18-24
damindylanpino1,166,151,False,False,False,False,53,24,0.05,0.01,0.0,1.48,0,18-24
manu_zarzoso,284,633,False,False,False,False,162,366,0.07,0.1,0.1,1.06,1,18-24
alerojas1995,960,16768,False,False,False,False,589,8605,0.64,0.74,0.14,0.23,0,18-24
majo_floress,232,9074,False,False,False,False,314,5330,0.09,0.01,0.03,1.01,0,18-24
antoscodellaro,1277,30657,False,False,False,False,636,3013,0.23,0.0,0.01,0.46,2,18-24
yulijusto13,1356,92246,False,True,False,False,3246,201619,0.08,0.0,0.53,0.26,2,10-17
yamilafajar,2605,48606,False,False,False,False,3161,30117,0.03,0.01,0.03,0.77,0,18-24
roomiicaceress,46,346,False,True,False,False,39,229,0.09,0.03,0.1,1.45,2,18-24
milibarrio_,951,6412,False,False,False,False,1063,3613,0.33,0.0,0.06,0.94,2,10-17
victoriacarrat2,97,4833,False,False,False,False,210,1135,0.11,0.0,0.05,0.12,2,10-17
kareenhubscher,1104,28726,False,False,True,False,1679,3973,0.22,0.0,0.03,0.43,2,18-24
patitolujan75,1471,38906,False,False,True,False,1449,17375,0.32,0.02,0.11,0.94,0,18-24
rtafernaberry,980,1536,False,False,False,False,3186,11310,0.49,0.12,0.24,0.08,1,18-24
cascarilla3,200,2159,False,False,False,False,100,270,1.36,1.06,0.18,0.03,0,25-xx
belicornio1998,1310,9624,False,False,False,False,937,10547,1.04,0.06,0.04,1.04,2,18-24
diaznap,430,1076,False,False,False,False,618,458,1.28,0.03,0.13,0.03,0,10-17
ezequielherraiz,266,3470,True,False,False,False,297,486,0.66,0.26,0.37,0.14,0,10-17
djnilogb,943,10600,False,False,False,True,754,2543,0.04,0.06,0.16,0.27,1,18-24
antogabas,483,1233,False,False,True,False,388,2387,0.2,0.02,0.02,1.02,2,10-17
toni_pre,423,2088,False,False,False,False,119,122,1.32,0.01,0.01,0.04,0,25-xx
meliijiji,1958,74551,False,False,False,False,2823,15335,0.19,0.01,0.17,0.58,2,18-24
milii1224,309,15257,False,False,False,False,304,2864,0.09,0.04,0.04,1.26,2,18-24
plakards,826,729,False,False,False,False,1047,37,0.01,0.29,1.21,0.42,0,25-xx
dorregocaro,402,20216,False,False,False,True,1046,1437,0.02,0.0,0.13,0.34,0,10-17
pablopiriz17,450,8080,False,False,False,False,490,2364,0.33,0.01,0.17,0.72,1,18-24
elvikingogordo,274,6801,False,False,False,False,128,2162,2.67,0.0,0.03,0.21,1,25-xx
yuliireynoso,835,37436,False,False,True,False,1082,4081,0.34,0.03,0.29,0.71,0,18-24
karusilva1,884,10787,False,False,False,False,566,1460,0.05,0.01,0.09,0.63,1,10-17
lucasanhornok,294,10162,False,True,True,False,451,3587,0.2,0.03,0.17,1.45,1,10-17
paufrancisco123,261,2529,False,False,False,False,173,1153,0.31,0.01,0.02,1.79,0,10-17
chicabostera1,2755,8522,False,False,False,False,1212,13846,2.06,0.28,0.01,2.45,0,25-xx
criscedola,774,33771,False,False,False,False,798,2651,0.57,0.01,0.04,0.01,1,18-24
caritofrias99,686,21596,False,False,True,False,597,7102,0.06,0.01,0.06,0.62,0,18-24
mateofagundez,1378,19235,False,False,False,True,1520,14129,0.19,0.0,0.21,0.21,0,18-24
camiacosta1891,630,5019,False,False,True,False,505,3254,0.68,0.02,0.06,0.49,0,18-24
lautaurtiaga,59,112,False,False,False,False,50,35,0.57,0.15,0.47,0.25,0,18-24
micaela59134889,94,45,False,False,False,False,20,35,0.89,0.11,0.0,1.57,0,18-24
sanabria_daiana,629,6971,False,False,False,False,762,420,0.08,0.05,0.14,1.12,0,18-24
rossanaduarte1,2841,35482,False,False,False,False,4001,2719,1.37,0.77,0.04,2.19,0,10-17
camila_martino,801,11362,False,False,True,False,1329,1968,0.11,0.0,0.04,0.99,2,18-24
nataliamindurry,729,55137,False,False,True,False,1656,3618,0.38,0.0,0.07,0.24,2,18-24
nadiaohaco,478,731,False,False,True,False,540,1729,0.36,0.19,0.18,0.78,2,10-17
terevazquez_12,357,30930,False,True,False,True,591,2696,0.07,0.02,0.15,1.71,2,18-24
littlepearlblue,902,44463,False,False,False,False,1391,8647,0.22,0.03,0.22,0.41,0,10-17
nachielhh,148,20126,False,False,False,False,342,1946,0.15,0.01,0.07,0.6,1,18-24
laurabat55,590,6261,False,False,False,False,918,8863,1.32,0.05,0.25,0.23,2,25-xx
el_huno,534,2890,False,False,False,False,307,538,0.24,0.19,0.78,0.04,1,25-xx
nico_lopez0,118,294,False,False,False,False,94,150,0.4,0.02,0.27,0.14,1,10-17
camiib14,2176,13153,False,False,False,False,647,6981,0.75,0.14,0.01,0.25,1,18-24
luzcattaneo,597,85962,False,False,False,False,1188,1435,0.19,0.01,0.06,0.85,2,18-24
maarupicerno,637,37327,False,False,False,False,1385,3844,0.3,0.0,0.08,0.5,2,10-17
coty_gastaldo,747,37789,False,False,False,True,1440,1996,0.35,0.0,0.07,0.44,2,18-24
joyfernandz,158,366,False,False,False,False,34,125,0.0,0.0,0.09,0.26,2,18-24
andresaf170198,78,228,False,False,False,False,48,79,0.11,0.01,0.0,0.14,0,18-24
jhonagarcia5,1160,1255,False,False,False,True,413,277,0.08,0.29,0.77,0.09,0,25-xx
selenebasualdo,2367,2306,False,False,False,True,1658,6442,0.52,0.05,0.17,1.69,0,18-24
lucilagav,821,16158,False,False,False,False,1219,1681,0.05,0.01,0.01,0.28,2,18-24
luzdaiiana,3546,32981,False,False,False,False,3719,27651,0.16,0.01,0.2,0.43,2,18-24
flocamarano,237,7894,False,False,True,False,376,1021,0.32,0.01,0.04,0.16,0,18-24
estefiperezok,2304,29967,False,False,False,True,2327,4352,0.2,0.0,0.05,0.74,0,10-17
nikko_cabrera,1311,5665,False,False,False,False,865,5049,0.15,0.28,0.22,0.42,1,18-24
gonzalopessano_,10627,86710,False,False,True,True,14767,26723,0.11,0.01,0.27,0.2,1,18-24
dangaer,33,15994,False,False,False,False,213,349,0.39,0.0,0.45,0.03,1,25-xx
cccccccaro,1646,57577,False,False,False,True,2130,11240,0.39,0.0,0.17,0.1,0,18-24
sofiintvg,1329,43538,False,False,False,False,1659,13074,0.32,0.0,0.2,0.49,2,18-24
faccumu,3675,1255,False,False,True,True,931,766,0.19,0.18,0.01,0.48,0,10-17
gonzamederos1,118,18169,False,True,True,False,600,3596,0.23,0.0,0.06,0.12,1,10-17
agusmerlojr,466,38754,False,False,False,False,722,1411,0.12,0.0,0.01,0.21,1,18-24
mariouberti,333,4337,False,False,False,False,5896,82,0.15,0.01,0.43,0.04,1,25-xx
projaok,28,2185,False,False,True,False,893,179,0.13,1.12,0.03,0.42,0,10-17
karolse48822803,110,11,False,False,False,False,4,45,0.33,0.0,0.0,3.5,2,18-24
daiogarcia2,1009,17975,False,False,True,True,1549,20076,0.57,0.19,0.18,0.65,0,18-24
oliverapipi,772,31935,False,False,True,True,1746,11048,0.25,0.0,0.07,0.55,2,10-17
leytonley,1616,18639,False,True,True,False,2474,7761,0.3,0.0,0.14,0.57,2,18-24
cgezzio,881,5464,False,False,False,False,796,1636,0.8,0.12,0.19,0.1,1,18-24
fraacoronel,1436,56763,False,False,False,False,3136,19629,0.33,0.0,0.08,0.16,2,18-24
galebuena,513,7926,False,True,True,False,687,6283,0.47,0.01,0.1,0.05,0,10-17
melo_snowflake,254,11508,False,False,True,False,362,9947,0.38,0.18,0.22,0.27,0,18-24
ssdiaz19,704,43323,False,False,False,False,1422,11546,0.14,0.01,0.05,0.17,2,18-24
camilaceleste96,183,6224,False,False,False,False,147,3847,0.17,0.01,0.01,0.35,2,18-24
santirayu,256,905,False,False,True,False,237,719,0.27,0.13,0.02,1.26,1,10-17
aguusdell_,642,6482,False,True,True,True,411,6940,0.2,0.04,0.14,1.32,2,18-24
briangonzaa,995,12980,False,False,True,False,1778,6950,0.03,0.0,0.0,0.33,1,10-17
diegocastagno,1363,2524,False,False,False,False,755,3130,1.35,0.21,0.05,0.17,1,25-xx
castillofran20,5001,24881,False,False,False,False,1987,22327,1.07,0.18,0.43,0.42,1,18-24
laligoias,376,32985,False,False,False,False,641,1379,0.39,0.01,0.14,0.48,2,18-24
vicoelgart,285,10694,False,False,False,False,452,3379,0.28,0.02,0.06,1.39,2,18-24
jessicapr1202,560,44681,False,False,True,False,1160,2937,0.15,0.0,0.12,0.09,2,10-17
nellygalotta,204,6644,False,True,True,False,413,532,0.25,0.03,0.0,0.77,0,18-24
alvaropereyraa,1131,68346,False,False,True,False,1840,17255,0.21,0.0,0.13,0.01,1,10-17
marcelo_pedrozo,3197,1787,False,False,True,False,500,4420,0.8,0.13,0.05,1.05,1,18-24
galonsobenia,735,2318,False,False,False,False,408,1570,0.68,0.06,0.54,0.07,1,25-xx
santiagopepe_91,1911,7605,False,False,False,False,891,3338,0.83,0.71,0.19,0.18,0,25-xx
puchoacuarp,1115,54945,False,True,True,False,1265,5973,0.14,0.0,0.03,0.26,0,18-24
cuervolobos,327,3447,False,False,False,False,329,971,0.41,0.14,0.03,0.22,2,18-24
stagno_chiara,247,509,False,False,False,True,151,284,0.6,0.0,0.02,0.29,2,18-24
ellniiicoo,539,14590,False,False,False,True,437,1044,0.06,0.02,0.03,1.97,0,18-24
caraballoce,921,2653,False,False,False,False,418,8992,1.5,0.17,0.15,1.38,2,10-17
ivandjdv,694,4313,False,False,False,False,470,867,0.21,0.12,0.07,0.51,1,10-17
melisafreiria,1681,7026,False,False,False,False,914,6742,0.97,0.33,0.21,0.23,2,18-24
pizzasingkaraok,1645,36859,False,False,False,False,1336,6564,0.17,0.69,0.89,0.49,0,25-xx
candelamachado7,811,26413,False,False,False,True,986,12256,0.3,0.01,0.04,0.67,0,10-17
geral_centu,733,25042,False,False,False,False,880,3552,0.32,0.0,0.03,1.18,0,10-17
lopeznic4,299,4114,False,False,False,False,501,4090,0.76,0.01,0.26,0.92,0,18-24
byimpactada,390,35811,False,False,False,False,472,1845,0.28,0.06,0.27,0.47,2,18-24
belugolfarini,2889,23419,False,True,True,False,3274,10030,0.27,0.0,0.21,0.41,0,18-24
fioventura,982,8140,False,False,False,False,697,5397,3.04,0.41,0.18,0.39,1,25-xx
ani_0697,297,11185,False,False,False,False,441,2381,0.42,0.0,0.19,0.73,2,18-24
juaniruss,477,8697,False,False,False,False,987,1376,0.08,0.14,0.1,0.53,0,18-24
duartenahuee,452,7302,False,False,True,False,448,1608,0.03,0.0,0.01,0.26,0,18-24
ludfdz102,193,4195,False,False,False,False,190,4066,0.2,0.0,0.04,0.82,0,10-17
lapipydeltricoo,509,112,False,False,False,True,100,61,0.48,0.22,0.45,0.29,0,10-17
mikaela241206,5001,336,False,False,True,False,3204,952,0.94,0.39,0.01,0.23,2,18-24
rodrigueeez666,763,79221,False,False,False,False,1063,20032,0.01,0.0,0.03,0.23,1,18-24
jb_joacobolso,816,31859,False,True,True,False,1714,15062,0.12,0.0,0.3,0.13,1,10-17
julianrosa00,787,4579,False,False,False,False,632,2410,0.16,0.01,0.05,0.23,1,10-17
joseplut104,4760,3539,False,False,True,False,3228,883,0.21,0.91,0.18,0.86,1,18-24
circuitoc56,167,412,False,False,False,False,79,173,0.85,0.0,0.04,0.01,0,10-17
anahirrii,497,520,True,False,False,False,89,170,0.18,0.22,0.72,0.4,2,25-xx
grupohasar,212,938,False,False,False,False,351,111,0.28,0.76,0.33,0.12,0,25-xx
gabyscarpato,393,22903,False,False,False,False,190,2204,1.71,0.03,0.0,0.04,0,18-24
matyasnicolas98,495,4165,False,True,True,True,209,1810,0.14,0.03,0.18,0.72,1,18-24
antotusa,1213,27509,False,False,True,False,861,7421,0.17,0.01,0.15,0.84,2,18-24
nacho744,391,8919,False,False,True,False,302,2604,0.15,0.01,0.17,0.59,0,18-24
nahuelrussialv1,740,27441,False,True,False,True,840,5502,0.05,0.0,0.03,0.21,0,18-24
nahucatuok,493,6912,False,True,False,False,453,2474,0.48,0.01,0.17,0.76,1,18-24
martinfagundez,321,8521,False,False,False,False,509,2331,0.28,0.11,0.24,0.96,1,18-24
delfibruzzone,2169,15772,False,True,True,False,1148,4312,0.43,0.04,0.05,0.85,2,18-24
andreamachado57,112,987,False,True,True,False,84,1036,0.07,0.01,0.18,0.53,2,18-24
bengochea_sb,412,10206,False,False,False,False,932,1127,0.25,0.09,0.52,0.06,0,25-xx
chrisguevarauy,2206,260,False,False,False,False,1118,932,1.64,0.24,0.05,0.85,1,18-24
genegutierrez3,543,7453,False,False,False,False,712,908,0.28,0.03,0.0,0.35,2,18-24
miligimenezntvg,1794,17674,False,False,True,False,1792,720,0.09,0.06,0.03,0.13,2,18-24
cocomendeguia54,5002,10016,False,False,False,False,1046,6090,0.5,0.22,0.2,1.1,0,25-xx
santiberto8,90,152,False,False,True,False,28,171,0.84,0.02,0.02,0.27,0,18-24
norberto1956,251,3723,False,False,False,False,574,4194,1.35,0.01,0.16,0.06,1,25-xx
federicamarilla,248,201,False,False,False,False,137,83,0.18,0.88,0.35,0.15,0,25-xx
g6d2p,2555,16939,False,False,False,False,1587,8569,0.18,0.01,0.04,0.42,0,18-24
_sofi_41,547,13473,False,False,False,False,1242,7635,0.15,0.0,0.02,0.73,2,10-17
bica199,410,7937,False,False,False,False,438,3047,0.14,0.02,0.07,0.69,1,18-24
facuureynoso99,237,1866,False,False,True,False,231,1638,0.46,0.0,0.11,0.39,1,18-24
lnahuelfb,833,42074,False,False,True,False,1157,24098,0.37,0.0,0.18,0.05,1,18-24
blasesquenon,235,6698,False,False,False,True,370,3239,0.31,0.02,0.12,0.48,1,10-17
catii_menna,310,6412,False,False,False,False,205,1163,0.29,0.01,0.03,0.95,0,10-17
28bernardita,492,5488,False,False,False,False,506,4789,0.53,0.0,0.37,0.68,2,10-17
abrucelibertiok,540,33463,False,False,False,False,888,12506,0.48,0.01,0.06,1.03,0,18-24
publicisimpetu,299,1306,False,False,False,False,1269,1412,0.47,0.63,0.7,0.22,0,25-xx
josemramirez26,576,8331,False,False,False,False,857,6637,0.57,0.01,0.06,0.09,0,18-24
neri_oriana,345,18074,False,False,False,False,378,1853,0.17,0.0,0.14,0.81,2,18-24
sebbasok,571,35330,False,False,True,False,1018,4,0.2,0.02,0.17,0.32,1,18-24
pas_de_bourre,205,12333,False,False,False,False,313,2152,0.3,0.03,0.04,0.67,2,18-24
dosalmasunamor,2680,88229,False,False,False,False,3441,38626,0.33,0.12,0.27,0.24,1,18-24
maru_cabj21,1002,3957,False,False,True,False,828,3201,0.13,0.03,0.16,0.74,0,10-17
candepalacios1,550,17135,False,False,False,True,750,3422,0.06,0.0,0.01,0.99,0,10-17
mirtha4620,385,226,False,False,False,False,47,758,1.5,0.04,0.04,0.04,0,25-xx
iaann_1999,542,13692,False,False,True,True,1309,6317,0.28,0.0,0.06,0.4,0,18-24
velazquezkevin1,311,6482,False,False,True,False,459,1168,0.08,0.0,0.04,0.71,0,18-24
mauriciozarauz,2153,4760,False,False,False,False,1080,3592,0.52,0.25,0.35,0.04,1,18-24
agusvidall2,538,74902,False,True,True,True,4067,788,0.26,0.0,0.03,0.99,2,18-24
felipepaullier,1467,13501,False,False,False,False,4303,3289,1.91,0.34,0.24,0.5,1,25-xx
rojasmimi,151,12487,False,False,True,False,412,2659,0.61,2.33,0.03,4.43,2,18-24
per_reynoso,2071,52839,False,False,False,False,2178,54491,0.33,0.02,0.07,1.41,0,18-24
floorcei,979,32034,False,False,False,False,1160,1288,0.27,0.05,0.04,0.38,2,18-24
aldanacumler,3577,5275,False,False,False,False,3027,3028,0.29,0.02,0.06,0.34,2,10-17
cabj_ayrton,1007,37181,False,False,False,True,1092,12430,0.06,0.0,0.06,0.28,2,10-17
romigaray2,584,11559,False,False,True,True,636,1575,0.18,0.19,0.11,0.55,0,18-24
camionrrubio,207,4430,False,False,False,False,201,1420,0.23,0.01,0.01,0.2,2,18-24
fabianparcerito,710,19938,False,False,False,True,895,4264,0.16,0.11,0.05,0.28,1,18-24
valelucas_95,415,16108,False,False,False,False,414,2236,0.04,0.0,0.07,0.85,0,18-24
tatianamartin3z,752,17106,False,False,False,False,953,8544,0.16,0.01,0.08,0.59,0,10-17
arandagustina,257,26656,False,False,False,False,180,988,0.27,0.11,0.09,0.22,2,18-24
axelfansmfet,1217,36057,False,False,False,True,7011,2977,1.52,1.5,0.61,1.75,0,10-17
valeacevedo98,3084,15931,False,False,False,True,2908,18705,0.05,0.04,0.01,0.71,1,18-24
marcosfontaine7,368,3700,False,False,False,False,121,4681,0.37,0.06,0.07,0.12,0,18-24
paulimoraless,1560,73108,False,False,False,False,1809,6597,0.31,0.0,0.12,0.58,0,18-24
vcastroemilia,468,519,False,False,False,False,119,1023,0.84,0.31,0.18,0.97,0,25-xx
jorge_frias1968,50,1576,False,False,False,False,193,538,0.97,0.25,0.27,0.06,1,18-24
el_patoherrera,401,22606,False,False,False,False,562,5404,0.19,0.01,0.07,0.08,1,18-24
elritual,1127,20853,False,False,False,False,1969,3377,1.89,1.27,0.29,0.73,0,18-24
barrsosa35,408,4665,False,False,True,False,621,526,0.1,0.29,0.3,0.29,2,10-17
facubringa,472,10128,False,False,False,True,496,9705,0.15,0.05,0.26,0.1,0,18-24
roldanrodrigo3,179,9341,False,False,False,False,437,3401,0.06,0.0,0.04,0.63,1,10-17
jluisfoglia,150,4157,False,False,False,False,98,1128,0.91,0.09,0.21,0.03,1,10-17
ruthy_yucra,110,193,False,False,False,False,32,83,0.09,0.02,0.67,0.55,0,10-17
nicolastripoli,401,15081,False,True,False,False,499,1616,0.23,0.08,0.08,0.23,0,18-24
rosoimuro,612,58472,False,True,False,False,1316,17176,0.53,0.0,0.13,0.62,0,18-24
sugacabrera,1113,124266,False,False,False,False,2013,806,0.1,0.03,0.09,0.81,0,18-24
tamitoledovazq,317,16694,False,False,True,False,282,2677,0.35,0.01,0.09,0.59,0,18-24
lucianocabj110,418,4041,False,False,True,True,466,989,0.24,0.01,0.07,0.62,0,18-24
jeffpaternalok,798,10837,False,False,True,True,1325,1798,0.17,0.15,0.11,2.23,0,18-24
zooerivas77,527,4291,False,False,False,False,449,677,0.14,0.02,0.22,1.17,1,18-24
demarcobianca,672,1433,False,True,False,False,675,1404,0.23,0.0,0.04,0.39,0,10-17
alexistokayukok,858,37421,False,False,False,True,1506,15811,0.42,0.03,0.1,0.52,1,18-24
annto_b,883,1470,False,False,True,False,458,1687,0.67,0.62,0.07,1.5,1,18-24
mmusitani,5002,9533,False,False,False,True,2033,10,1.77,1.93,0.36,1.27,1,25-xx
matiasnicolet,736,8442,False,False,False,False,376,12,0.33,0.45,0.19,0.05,0,25-xx
ortizmarcos18,536,12438,False,False,True,False,711,4076,0.27,0.0,0.05,0.23,1,18-24
jorvilares,621,14613,False,False,False,True,718,2826,0.32,0.01,0.1,0.86,2,18-24
facundodelpuer2,2532,453,False,False,False,False,511,1366,0.64,0.07,0.09,0.9,1,10-17
luucasnico,588,6087,False,False,True,False,518,1202,0.13,0.0,0.04,0.19,1,18-24
agusfiguere,782,37076,False,True,False,False,1315,7543,0.52,0.03,0.15,0.19,0,18-24
nicolasmesa93,1351,9653,False,False,True,False,1472,4034,0.09,0.01,0.1,0.14,2,18-24
valenvelez95,317,2005,False,False,False,False,57,5849,1.13,0.49,0.28,1.17,0,10-17
jazdistefaano,727,16229,False,False,False,False,971,3173,0.65,0.0,0.05,0.3,0,10-17
spastrana_01,118,209,False,False,False,False,48,285,0.33,0.0,0.17,0.16,0,10-17
sistimartin,220,12033,False,False,False,False,319,4162,0.29,0.0,0.02,0.08,0,18-24
daniimndez1,82,577,False,False,False,False,49,1062,0.18,0.0,0.38,1.21,2,18-24
belenmansur,71,147,False,False,True,False,30,20,0.05,0.08,0.06,0.35,0,18-24
milulaarroquy,407,35375,False,False,False,False,703,6730,0.25,0.03,0.09,1.62,2,18-24
luuli_espeche15,692,2010,False,False,False,False,267,820,0.24,0.01,0.1,1.28,2,10-17
fran_sacco,147,563,False,False,False,False,236,489,0.28,0.02,0.03,1.08,1,25-xx
lariramirez4,904,10361,False,False,False,False,1279,8228,0.23,0.0,0.1,1.47,0,10-17
juampps,378,6822,False,False,True,False,641,1145,0.24,0.02,0.06,0.31,0,10-17
abybeautyexpert,965,29,False,False,False,False,255,31,0.04,0.46,0.35,2.0,0,10-17
javyyvarela,19503,54283,False,False,True,False,17731,16413,0.14,0.2,0.03,1.3,0,18-24
iaanerik,360,15633,False,False,False,False,401,4300,0.32,0.04,0.04,0.15,1,18-24
santiimontielok,28,49,False,True,True,False,8,44,0.5,0.5,0.0,2.5,0,10-17
bautiperezz1899,156,772,False,False,True,False,52,161,0.1,0.0,0.07,0.18,1,10-17
caciquepaiva09,234,2940,False,True,True,True,593,2859,0.11,0.02,0.02,0.21,0,18-24
carboneraa1891,897,32274,False,False,False,True,1046,18482,0.05,0.0,0.01,0.13,0,18-24
gustavoanselmi1,941,5956,False,False,False,False,275,2591,0.05,0.01,0.9,0.04,0,25-xx
gfran93,548,2390,False,False,False,True,428,235,0.52,0.08,0.07,0.02,0,18-24
braiant93432642,154,8,False,False,False,False,8,50,0.4,0.0,0.0,0.6,1,10-17
lu_leg_,662,16007,False,False,True,False,1232,10913,0.29,0.0,0.23,0.16,2,10-17
lajoya14,2058,14456,False,False,False,False,3176,1043,0.72,0.26,0.19,0.06,1,25-xx
anarivas_35,666,2117,False,True,False,False,551,3755,0.42,0.01,0.16,2.07,2,10-17
liberluna,852,1375,False,False,False,False,965,1493,0.45,0.08,0.48,0.14,0,18-24
mapriconfcalsa,49,106,False,False,False,False,12,484,0.1,1.76,0.97,0.4,0,25-xx
cayuyulii,2903,6962,False,True,False,False,1378,2293,0.17,0.01,0.12,1.09,2,18-24
jennyabigail7,3357,41362,False,False,True,False,1569,39730,0.77,0.37,0.11,8.38,2,18-24
brmvcc,612,3174,False,False,True,False,205,1095,0.74,0.51,0.28,0.03,0,25-xx
luzzcoficial1,13,21,False,False,False,False,0,73,1.0,0.21,0.21,0.14,1,10-17
robertdelcap,430,13755,False,False,False,False,440,15469,0.29,0.08,0.21,1.06,1,18-24
nahubacigaluppi,1469,7424,False,False,True,False,1544,6138,1.84,0.85,0.15,0.48,0,10-17
joseerosaa,232,16543,False,False,False,False,400,3923,0.11,0.01,0.13,0.97,2,18-24
alan_corrarello,1388,17437,False,False,True,False,1138,13893,0.36,0.0,0.1,0.34,1,18-24
ludtaborda,348,2600,False,False,False,False,170,313,0.27,0.19,0.02,0.43,2,25-xx
agusalonso9,2358,47936,False,False,True,False,2170,13915,0.26,0.02,0.11,0.22,2,18-24
macakroneberger,655,22618,False,True,False,False,698,7193,0.35,0.01,0.09,0.56,2,18-24
elioseba,567,12259,False,False,False,False,787,3186,0.06,0.01,0.05,0.22,1,18-24
carrettonilucho,668,27402,False,False,False,False,737,11617,0.47,0.01,0.05,0.08,0,18-24
julianaorellano,901,98047,False,False,True,False,2182,14801,0.47,0.01,0.03,0.92,0,18-24
totozaracho,848,219,False,False,False,False,116,761,0.5,0.19,0.35,0.63,0,25-xx
joaking_ok,361,106,False,True,True,False,46,52,0.0,0.0,0.0,1.73,1,10-17
eveforteeve,179,778,False,False,False,False,138,3257,1.02,0.09,0.08,0.62,0,18-24
naniolivera1,309,3430,False,False,False,False,642,1667,0.14,0.0,0.09,1.0,2,18-24
stradaagustin,650,14717,False,True,True,False,875,2949,0.16,0.0,0.1,0.25,0,18-24
miliicar_26,776,2619,False,True,True,False,692,1652,0.03,0.23,0.15,0.97,2,18-24
thiagobarriosrp,764,11366,False,False,True,False,1010,3705,0.05,0.1,0.19,1.1,0,10-17
rooborges16,198,20746,False,False,True,False,707,277,0.15,0.04,0.04,0.17,2,18-24
mikaa_mozzillo,813,61385,False,False,False,False,1586,8928,0.03,0.0,0.01,1.09,0,10-17
alexissalleok,4947,181212,False,False,False,True,1869,44319,0.65,0.0,1.0,0.06,1,18-24
marinoni22,117,4627,False,False,False,True,166,1047,0.27,0.09,0.01,0.02,0,18-24
gustavogon1998,270,13024,False,False,True,False,192,7648,0.29,0.02,0.18,0.04,0,18-24
paonesti,190,12570,False,False,False,True,2645,5270,0.13,0.02,0.13,0.17,0,18-24
lubirenc,214,13514,False,False,False,False,312,7980,0.38,0.0,0.08,0.19,0,18-24
gimenatb,156,1565,False,False,False,True,181,361,0.37,0.13,0.06,0.56,2,18-24
orellanojuliana,442,51,False,False,False,False,11,249,2.01,0.14,0.0,0.91,2,18-24
jonisuarez,988,9804,False,False,True,False,341,2711,0.42,0.05,0.2,0.08,0,25-xx
rocioloscalzo,1648,84,False,False,False,False,592,42,0.32,0.09,0.0,0.03,2,18-24
blaasgomez,507,24452,False,False,False,False,950,1978,0.09,0.01,0.02,0.34,1,18-24
gomez19_sophie,750,44085,False,False,False,False,826,10254,0.2,0.0,0.18,0.14,2,18-24
alvarezfiorelaa,563,20092,False,False,False,True,610,2055,0.29,0.06,0.09,0.53,2,18-24
cruuuz_emi,1438,21884,False,False,True,False,1805,5864,0.13,0.18,0.04,1.6,1,18-24
jes_lubrano,661,657,False,False,False,False,609,1641,1.6,0.1,0.36,0.31,2,25-xx
julieta1252,1140,29675,False,False,False,False,1140,9433,0.14,0.0,0.02,0.8,2,18-24
nacho_real_11,805,25185,False,False,False,True,735,4927,0.42,0.01,0.11,1.22,0,18-24
santtimartinez5,85,119,False,False,False,False,1969,152,0.75,0.04,0.13,2.55,2,25-xx
richard_cuelho,806,4541,False,False,True,False,252,3086,0.5,0.89,0.17,0.41,0,25-xx
mauro_pavesse,462,31882,False,False,False,False,664,16310,0.36,0.02,0.23,1.38,0,10-17
lularossi98,539,613,False,False,False,False,152,2976,0.24,0.21,0.17,1.59,2,10-17
patricionavarr0,2504,6222,False,False,False,False,1405,1868,0.11,0.02,0.15,1.31,1,18-24
yorugua16,1548,4774,False,False,False,False,801,1664,0.74,0.12,0.22,0.08,1,18-24
pasu97,456,22726,False,False,False,False,541,7295,0.46,0.0,0.02,0.46,1,18-24
florenciapolero,193,16032,False,True,True,False,292,2734,0.06,0.0,0.07,0.5,2,18-24
ezetesta13,682,16743,False,False,True,False,311,2714,0.41,0.1,0.12,0.18,1,18-24
emiiyane,149,135,False,False,False,False,37,93,0.1,0.18,0.62,2.02,0,25-xx
jeither01,270,1223,False,False,False,False,273,1958,0.45,0.5,0.28,0.31,1,18-24
gabriel_218,1204,16378,False,False,False,True,326,14502,0.81,0.12,0.15,0.07,1,25-xx
naiaramallo,529,8062,False,False,False,True,200,1801,0.17,0.03,0.21,1.72,0,25-xx
eveehanahi,1511,45905,False,True,True,False,2638,23713,0.21,0.03,0.07,1.21,2,18-24
daysanabria96,421,3133,False,False,False,False,711,1137,0.55,0.03,0.04,0.35,2,10-17
sebastianfest,3275,11832,False,False,False,False,7815,4649,1.57,0.68,0.47,0.06,0,18-24
08brunook,1285,53485,False,False,False,False,1354,19779,0.5,0.15,0.14,1.62,1,18-24
nico_raffo,62332,38730,False,False,True,False,74428,19753,1.02,0.23,0.22,0.11,1,25-xx
ordonezrj,394,7313,False,False,False,False,147,5016,1.3,0.01,0.18,0.02,1,25-xx
valentinnn_gg,168,14715,False,False,False,True,468,3008,0.09,0.0,0.11,0.25,0,18-24
guilleceentral,3166,9985,False,False,True,False,1905,6014,0.08,0.05,0.07,0.75,0,18-24
rbeleenn,786,19024,False,False,False,True,592,11175,0.28,0.06,0.18,0.71,2,18-24
fiammarusso,90,248,False,False,False,False,64,382,0.18,0.07,0.11,2.38,2,18-24
josefinamonsa,445,10939,False,False,False,True,525,5180,0.16,0.0,0.04,0.25,2,18-24
carorossio1,416,14375,False,False,True,False,471,2892,0.37,0.01,0.04,0.57,2,18-24
wolfhardbebito,157,1225,False,False,True,False,74,657,0.55,0.12,0.18,0.9,0,10-17
minoriahardcore,2452,2310,False,False,False,True,1181,593,0.15,0.19,0.74,0.27,0,25-xx
abruuledesma,210,18572,False,False,False,True,357,2570,0.09,0.0,0.04,0.66,2,10-17
camilalucchetti,924,20440,False,False,False,False,1406,2116,0.16,0.0,0.04,0.56,2,18-24
leanelprooyt,30,40,False,False,False,False,10,144,0.63,0.0,0.5,0.22,1,10-17
morelliguido_,66,12646,False,False,False,False,10222,62862,0.29,0.01,0.18,0.17,1,18-24
naturalfotoar,44,242,False,False,False,False,44,204,0.21,3.29,0.75,0.11,0,10-17
tinch0o,1046,3858,False,False,True,False,1265,4856,0.17,0.31,0.23,0.41,1,18-24
feldikpame,663,10706,False,True,True,True,736,8432,0.25,0.0,0.05,0.19,0,18-24
lupecarola,509,52840,False,True,False,True,785,11808,0.15,0.0,0.03,0.46,0,18-24
lucasgallasina,716,22996,False,False,False,False,374,17118,0.38,0.12,0.2,1.38,0,18-24
fatima_ro13,2083,3975,False,False,False,True,854,4762,0.06,0.13,0.44,1.96,2,18-24
meluu58,254,4605,False,False,False,False,237,1657,0.57,0.51,0.18,1.46,1,10-17
aylengarialde,239,12059,False,False,False,False,448,10506,0.22,0.0,0.15,1.13,1,10-17
silvinaduck,183,39941,False,True,False,False,856,13876,0.03,0.03,0.07,1.22,2,18-24
lulipalomeque1,50,208,False,False,False,False,52,941,0.57,0.3,0.16,0.89,0,10-17
lujisard,265,5542,False,False,False,False,462,6147,0.33,0.01,0.07,1.18,0,10-17
lucasclemente88,2182,15909,False,False,False,True,1345,2659,0.01,0.02,0.09,0.41,1,10-17
pinedatatiana95,1039,10772,False,False,True,False,707,2022,0.23,0.0,0.03,0.55,0,18-24
manulavallen,704,46381,False,False,False,False,903,4537,0.22,0.01,0.03,0.71,0,10-17
eliasro09,348,105499,False,False,False,False,1621,5329,0.13,0.0,0.03,0.41,1,18-24
catiia_gomezz,1001,69254,False,False,False,False,1269,4806,0.07,0.0,0.05,0.46,0,10-17
matiaspguzzo,46,948,False,False,False,False,18,56,0.04,0.09,0.74,0.09,0,25-xx
psochan1,1576,11943,False,False,False,False,1411,7376,0.14,0.0,0.03,1.23,2,18-24
maarlendepetri,635,21115,False,False,True,False,1639,16953,0.21,0.01,0.03,0.48,0,25-xx
pityporcel,544,8560,False,False,False,True,647,1547,0.1,0.0,0.02,1.67,2,10-17
maleerok,246,5732,False,True,True,False,251,7295,0.48,0.01,0.17,0.71,0,18-24
quintanaili,159,728,False,False,False,False,65,135,0.14,0.0,0.1,0.35,0,10-17
rossicamiiii,435,6886,False,True,True,True,327,3643,0.33,0.0,0.1,0.21,0,18-24
jazminalaimo,56,1874,False,False,False,False,59,1244,0.26,0.01,0.0,0.47,2,18-24
azul_cabrera,430,35721,False,False,False,False,626,4203,0.33,0.0,0.12,0.4,2,18-24
marudelutis,2401,45867,False,False,False,False,3118,1289,0.09,0.01,0.18,0.43,0,10-17
gambaargentina,4994,6666,False,False,False,True,4143,72181,0.92,0.62,0.18,0.09,0,18-24
magaolalde1,263,21566,False,True,True,False,441,365,0.22,0.0,0.01,1.22,2,18-24
agusvidalok,575,9208,False,False,False,True,875,4864,0.57,0.02,0.1,0.77,1,18-24
abricabrera69,497,10666,False,False,True,False,658,579,0.01,0.0,0.07,0.17,2,10-17
romii_rodrilu,228,3295,False,False,False,False,158,2565,0.13,0.0,0.11,0.85,2,10-17
maluquinteirook,488,15299,False,False,True,False,502,976,0.06,0.0,0.13,0.92,2,18-24
carlaalvarez28,839,28573,False,False,False,False,1042,1196,0.29,0.02,0.03,0.51,0,18-24
roosii99,118,14462,False,False,False,True,1205,4464,0.07,0.04,0.06,2.49,0,18-24
micaelitae,251,39315,False,False,False,False,399,2368,0.16,0.02,0.18,1.14,0,18-24
navy_tincho,2086,1661,False,False,False,False,259,13954,0.66,0.4,0.15,1.42,0,18-24
marti_barneda,613,23459,False,False,False,False,827,13872,0.32,0.0,0.07,0.86,1,10-17
brianbentancor5,225,3004,False,False,False,False,105,3776,0.4,0.03,0.06,1.03,1,18-24
jessicalema11,774,736,False,True,True,True,1083,2264,0.78,0.28,0.02,1.73,0,10-17
florenciamauser,1106,56933,False,False,False,False,1693,28414,0.25,0.01,0.13,1.04,0,18-24
romiiacosta97,1265,20431,False,False,False,True,1499,3949,0.07,0.02,0.08,0.73,2,18-24
fgd_98,922,2177,False,False,False,False,774,386,0.21,0.04,0.01,0.3,1,18-24
jvpf17,1932,13494,False,False,False,False,1027,8877,1.46,0.44,0.19,0.61,2,18-24
trinicorbetto,149,22126,False,False,False,False,697,5702,0.32,0.01,0.05,1.47,0,18-24
paovillarpando,141,2395,False,False,False,False,67,1394,0.19,0.05,0.06,1.55,1,18-24
davidveracai,650,2686,False,False,False,False,113,33,0.03,0.01,0.03,0.09,1,25-xx
rofeldik,4949,23243,False,False,True,False,4120,23291,0.07,0.0,0.01,0.13,2,18-24
sebalm12,804,1677,False,True,False,False,641,4230,0.31,0.09,0.04,1.06,0,18-24
delfiiarballook,314,224,False,False,False,True,70,11,0.03,0.04,0.24,0.63,2,10-17
gourmetkalimnos,526,57,False,False,False,False,55,15,0.83,1.85,0.54,1.05,0,18-24
fedecaetano_1,794,20523,False,False,False,True,984,12013,0.5,0.03,0.08,0.26,1,18-24
netlabsuy,131,52,False,False,False,False,56,37,0.61,1.22,0.56,0.78,0,18-24
mathiasdiazok,405,34281,False,False,False,False,670,7451,0.67,0.02,0.05,0.95,1,18-24
hillegassah,1169,18593,False,True,False,False,1360,15262,0.49,0.01,0.05,0.49,0,18-24
pablo_ezeequiel,96,1790,False,False,False,True,47,163,0.05,0.06,0.06,0.87,1,18-24
jossebrandoni9,655,16059,False,True,False,False,914,6738,0.21,0.01,0.05,0.95,1,10-17
alexisgabriel_s,1466,108,False,False,False,True,120,68,0.02,0.26,0.53,0.13,1,18-24
aleberiso,250,13243,False,False,False,False,297,1884,0.19,0.01,0.07,0.1,1,18-24
juliroldan_,551,20585,False,False,True,False,367,9993,0.19,0.0,0.09,0.55,0,10-17
ultraseptimus,707,7226,False,False,False,False,211,539,1.32,0.05,0.02,0.02,0,25-xx
luzaranda00,239,5465,False,False,False,False,368,636,0.1,0.01,0.08,1.18,0,18-24
fede_canepa79,611,21012,False,False,False,False,829,1448,0.13,0.0,0.01,0.82,1,18-24
santiagocalerok,945,16523,False,False,False,False,1015,2906,0.23,0.12,0.28,0.88,0,25-xx
faquh_xeneize,861,8565,False,False,False,False,276,5624,0.28,0.09,0.17,0.05,0,10-17
breen_schofer,696,5546,False,True,False,False,584,11021,0.1,0.1,0.05,0.56,0,10-17
juan_bagnasco,316,32172,False,False,False,False,327,4030,0.21,0.01,0.19,0.03,1,10-17
jjoacosala_2_5,132,340,False,False,True,False,10,440,1.77,0.04,0.02,0.21,2,10-17
flor_belieber5,2536,55184,False,False,False,True,2225,20044,0.11,0.24,0.15,0.33,1,10-17
franco98silva,344,7427,False,True,True,False,221,6247,0.9,0.47,0.11,0.78,0,18-24
matias11ce,450,4965,False,True,True,False,883,1058,0.23,0.0,0.07,0.55,1,10-17
lhraste,329,190,False,False,False,False,271,558,2.19,1.75,0.15,0.29,2,10-17
analiaf2014,2542,229,False,False,False,False,638,1740,0.17,0.01,0.05,0.76,0,10-17
rociovecino_19,794,18460,False,False,False,True,1054,1576,0.09,0.01,0.09,1.48,1,18-24
estudiosvet,59,200,False,False,False,False,104,145,1.34,1.33,0.38,0.21,0,10-17
matiasgaray_17,162,7363,False,False,True,False,249,3484,0.51,0.08,0.23,0.5,1,25-xx
tamicionofrino,261,13289,False,False,False,False,701,1611,0.26,0.03,0.01,0.71,0,18-24
guzmanpaz99,71,88209,False,False,False,True,879,5247,0.09,0.02,0.04,0.36,1,18-24
fedelarralde,352,12098,False,False,False,False,347,1186,0.54,0.46,0.24,0.25,1,25-xx
ariel_voyager,153,449,False,False,False,True,33,188,0.04,0.01,0.04,0.28,1,18-24
miqqaelamicaela,673,25401,False,False,False,False,766,3456,0.13,0.01,0.04,1.68,2,18-24
10iriondo,893,43294,False,False,False,False,1220,15353,0.22,0.0,0.04,0.16,0,10-17
nubifernandez,758,25480,False,False,False,False,465,4093,0.31,0.01,0.17,0.36,2,18-24
andresabc80,1082,93,False,False,True,False,208,954,0.6,3.42,0.71,0.13,0,25-xx
dunkaperra,126,6261,False,False,False,False,139,11078,1.47,0.02,0.0,0.89,2,25-xx
soofividelaa,487,17553,False,False,False,False,609,7105,0.16,0.0,0.06,0.44,2,10-17
sebagarate_,409,7058,False,False,False,False,634,2546,0.22,0.0,0.01,0.21,1,10-17
maxirios99,2583,6828,False,False,True,True,2795,190,0.05,0.04,0.37,0.5,0,10-17
rodriibaez8,290,2276,False,False,True,True,235,1495,0.1,0.01,0.0,1.43,1,10-17
macaaabel,887,9687,False,False,False,False,435,4349,0.23,0.01,0.02,1.34,2,10-17
al3xm4cie1,89,1635,False,False,True,False,118,2314,0.42,0.04,0.13,1.14,1,18-24
adrialba97,662,11426,False,False,False,False,710,1249,0.13,0.14,0.06,0.79,0,18-24
lfechegaray,749,4422,False,False,False,False,2005,1448,0.88,0.18,0.02,0.15,1,25-xx
pettytaberner,408,16015,False,False,False,False,586,2092,0.24,0.01,0.02,0.27,1,18-24
marquitoxponce,324,16809,False,True,False,False,319,11136,0.47,0.0,0.04,0.13,0,18-24
learojitaaaaa,161,4244,False,False,False,False,393,940,0.12,0.05,0.07,0.23,1,18-24
andisilva25,194,1866,False,False,False,True,177,1841,0.31,0.07,0.09,0.88,0,18-24
horaciodesauce,82,268,False,False,False,False,72,260,0.49,0.0,0.23,0.15,1,25-xx
santifariasok,184,3738,False,False,False,False,286,2201,0.11,0.0,0.02,1.07,0,10-17
marmira95528549,119,545,False,False,False,False,36,484,0.09,0.08,0.04,1.15,0,10-17
fabiripoll,1163,4625,False,False,False,True,646,1543,0.61,0.07,0.44,0.07,1,18-24
carolinariver_,965,38431,False,False,True,False,1458,12759,0.12,0.01,0.05,0.54,0,18-24
javiercarrizo2,8023,119128,False,False,False,False,7496,12,0.87,0.01,0.76,0.05,0,25-xx
sariskl,1723,72902,False,False,False,False,6651,22738,0.27,0.01,0.03,0.46,0,18-24
sosafranco16,108,946,False,False,False,False,116,572,0.17,0.0,0.04,0.41,0,18-24
sfourcade14,612,72085,False,False,False,False,960,3199,0.68,0.02,0.11,0.26,0,18-24
yoiikamlofsky,465,25730,False,False,False,True,699,9245,0.13,0.02,0.11,0.93,2,18-24
chrispysny,487,41315,False,False,False,True,647,6414,0.19,0.0,0.26,0.29,1,18-24
mbarrangu,78,42,False,False,False,False,1,50,0.57,0.17,0.14,0.06,0,18-24
mawakd,2672,55493,False,False,True,False,2867,22568,0.45,0.01,0.12,0.14,1,18-24
ayeschenfelt,207,2001,False,False,False,True,272,416,0.39,0.05,0.01,0.16,0,18-24
meliigonzzz,1982,75466,False,False,False,False,2837,16131,0.21,0.01,0.09,0.71,2,18-24
romiosenda,375,401,False,False,False,False,110,360,0.38,0.11,0.31,0.71,0,25-xx
joaco_romillo,570,6777,False,False,False,False,848,5215,0.1,0.0,0.08,0.25,0,18-24
lucasattadio123,922,23772,False,False,False,False,885,1099,0.03,0.01,0.01,0.83,1,10-17
baigotadrian,506,21022,False,False,False,False,1084,6811,0.57,0.04,0.39,0.55,0,18-24
rafaeladaniela6,152,18,False,False,False,False,25,400,0.08,0.0,0.0,0.23,0,10-17
_anitaquiroga,3717,55043,False,False,True,False,4363,19617,0.26,0.0,0.14,0.25,0,18-24
guillesensini,314,29606,False,False,False,True,484,1635,0.17,0.02,0.04,0.24,2,18-24
nahuelsantorook,155,26971,False,False,False,False,645,7438,0.29,0.23,0.26,0.65,0,18-24
sanguinettij,1038,1172,False,False,False,False,770,499,0.75,0.01,0.24,0.02,1,18-24
aldanagonzalezb,541,25456,False,True,False,False,598,6694,0.15,0.01,0.1,0.97,2,18-24
camilocampero_,448,7348,False,False,True,False,461,4600,0.22,0.05,0.1,0.43,1,18-24
eechaguee,1857,15449,False,False,False,True,1652,1421,0.12,0.26,0.41,0.47,0,18-24
barbicaparros,225,14598,False,False,True,False,358,2569,0.07,0.04,0.04,0.24,2,18-24
dalilatrotti,384,7821,False,False,False,False,615,3506,0.33,0.0,0.21,0.58,0,18-24
cordemaca,85,2199,False,True,False,False,87,1726,0.39,0.01,0.11,0.99,1,10-17
fabih10,1715,16709,False,False,True,False,1658,4805,0.4,1.23,0.66,0.76,2,18-24
claudiolpez11,1016,13309,False,True,True,False,944,4837,0.04,0.04,0.04,0.52,1,18-24
alaanpedraza,153,2832,False,False,False,False,182,847,0.24,0.15,0.01,0.35,1,18-24
capdevila2000,675,771,False,False,False,False,143,250,0.07,0.04,0.02,1.76,2,10-17
diegong7,858,64123,False,False,True,False,1064,89,0.24,0.07,0.34,0.08,1,18-24
stellamariss22,36,895,False,False,False,False,35,1394,2.34,0.0,0.0,7.48,2,25-xx
_garii__,1106,68315,False,True,True,False,1305,21102,0.2,0.0,0.05,0.3,2,10-17
coloauteri97,515,63050,False,False,True,False,834,2633,0.22,0.0,0.0,0.25,2,18-24
julietagomila,797,16592,False,False,True,False,860,15442,0.21,0.01,0.09,0.24,0,18-24
aguskazt,87,217,False,False,False,True,49,742,0.67,0.07,0.07,0.18,0,18-24
mbritos1960,68,666,False,False,False,False,59,422,1.2,0.06,0.2,0.02,1,25-xx
victoriagalello,437,7855,False,False,False,False,475,1496,0.42,0.16,0.15,2.58,0,18-24
joacoodelcampo,180,4470,False,False,False,False,220,3620,0.39,0.01,0.22,0.74,0,10-17
haydeefachelli,46,35,False,False,False,False,25,64,1.44,0.0,0.22,0.0,0,25-xx
francoarroyo6,608,16935,False,True,True,False,707,4234,0.38,0.01,0.22,0.13,1,18-24
claulpez19,1014,13328,False,True,True,False,944,4844,0.04,0.04,0.04,0.48,1,18-24
paovillalba19,533,10617,False,True,False,True,719,4844,0.17,0.02,0.08,0.83,2,18-24
diego_acevedo1,407,5267,False,False,False,False,594,392,0.16,0.2,0.09,0.45,1,18-24
juampipak,707,8136,False,True,True,False,882,6179,0.87,0.01,0.11,0.25,1,18-24
ignaciocrespo97,342,28015,False,False,False,False,525,4111,0.53,0.0,0.05,0.02,1,18-24
thaliguiniazu,454,94021,False,False,True,False,1305,1428,0.2,0.0,0.0,0.91,2,18-24
laurazalazar3,435,6146,False,False,False,False,315,2867,0.12,0.0,0.04,2.6,2,18-24
florvmipride,65,36977,False,False,False,False,717,15525,1.76,0.15,0.06,1.38,2,18-24
emi_difabio,319,12685,False,True,False,False,1027,6053,0.17,0.1,0.06,0.61,0,18-24
cxfxo,1439,12069,False,False,False,False,427,5761,0.43,0.68,0.12,0.23,2,25-xx
ayllonmiguel,509,15078,False,False,False,False,698,5053,0.07,0.01,0.0,1.22,1,18-24
katiibent,511,2680,False,False,True,False,542,2078,0.27,0.03,0.08,0.38,2,18-24
fariasxiomara1,470,9085,False,False,False,False,300,8145,0.76,0.02,0.08,0.16,2,18-24
julidemarco1,656,34216,False,True,True,False,1390,25558,1.23,0.01,0.08,0.22,0,18-24
niicosiilvaa,1127,30747,False,False,True,False,1618,10461,0.4,0.0,0.15,0.14,0,18-24
agusquirozgauna,1244,17843,False,True,False,True,1223,8095,0.16,0.01,0.12,0.8,2,10-17
anayfranco2015,56,90,False,False,True,False,4,52,0.18,0.37,0.43,2.38,2,18-24
_micachirinoo,350,34094,False,False,True,False,404,17130,0.23,0.03,0.29,0.93,2,18-24
francocabj32,331,38167,False,False,False,False,433,7170,0.37,0.01,0.01,0.23,0,18-24
aldiibogado1,1136,33883,False,False,False,False,1519,5218,0.16,0.0,0.02,0.36,2,18-24
facuduarte1902,217,1838,False,False,True,False,247,386,0.17,0.03,0.13,0.58,0,10-17
orianamanfredo,1065,21425,False,False,False,True,996,4103,0.27,0.01,0.01,0.64,2,18-24
cammiali,191,7863,False,False,False,True,465,203,0.1,0.16,0.1,1.24,1,18-24
totomayora,468,33366,False,False,False,True,713,4499,0.3,0.0,0.06,0.26,1,18-24
noepeque16,335,6342,False,False,False,False,376,5513,1.05,0.88,0.1,1.85,0,18-24
ffjorgeramirez,369,452,False,False,False,False,157,526,0.15,0.87,0.77,0.05,1,25-xx
caamitrezza,458,9306,False,False,True,True,720,4852,0.12,0.0,0.21,0.32,0,18-24
victoriabritos8,308,1522,False,False,True,True,61,3951,0.52,0.75,0.11,0.85,2,10-17
eliascarranz,309,6964,False,False,True,False,364,5632,0.26,0.01,0.03,1.36,1,10-17
nicolasedlp01,403,21579,False,False,False,True,391,8550,0.04,0.0,0.05,0.44,0,10-17
richardcv23,73,432,False,False,False,False,698,168,0.67,0.01,0.15,0.03,1,25-xx
oliveramatias96,34,42,False,False,False,False,9,9,0.04,0.07,0.11,1.23,1,18-24
nancyblanchar17,298,263,False,False,False,False,38,12,0.84,0.0,0.03,0.03,2,25-xx
marielloza,335,7092,False,False,False,False,637,2119,0.09,0.0,0.15,1.04,2,18-24
federicottero,372,5221,False,False,False,True,236,427,0.08,0.01,0.06,0.82,1,18-24
lauu00,603,35566,False,False,False,False,659,15980,0.21,0.0,0.17,0.73,2,10-17
laltezor,1621,15362,False,False,False,False,481,7049,2.48,0.06,0.18,0.05,0,25-xx
paoalepadilla,488,10194,False,False,False,False,434,4093,3.41,1.0,0.02,0.33,2,18-24
amapolaa21,89,10307,False,False,False,False,233,9361,0.34,0.01,0.13,0.37,2,18-24
kmy332,1993,23091,False,False,False,False,1357,6027,0.11,0.02,0.01,1.17,2,18-24
yamilagalvan3,2444,80146,False,False,False,False,1932,23683,0.2,0.0,0.23,1.03,0,10-17
nicoocanalla,331,1843,False,False,False,False,85,1593,0.55,0.6,0.16,0.21,0,18-24
aluuzotta,425,3337,False,False,False,False,425,970,0.39,0.08,0.01,0.58,2,18-24
giulianatrigo,1090,37307,False,False,False,False,1261,6790,0.11,0.0,0.09,0.95,2,18-24
antolabriola_,525,21884,False,True,True,False,1849,1657,0.15,0.0,0.04,0.62,2,18-24
diegodlucia,1607,30113,False,False,False,True,13013,4278,0.86,0.12,0.38,0.99,0,10-17
denumalsam,264,3208,False,False,False,False,320,6926,0.33,0.08,0.12,0.76,0,10-17
juanigarayzar,326,25435,False,False,True,False,837,765,0.64,0.02,0.14,0.72,2,18-24
macu_abrigo,548,12742,False,False,False,False,583,2754,0.09,0.05,0.03,0.15,1,18-24
valenclem,458,19756,False,False,False,False,670,3583,0.56,0.23,0.14,2.19,2,18-24
matu_fbv,179,861,False,False,False,False,96,705,0.35,0.01,0.03,0.18,1,18-24
marusantose,765,21680,False,True,True,False,647,1802,0.22,0.0,0.1,0.68,0,18-24
apu_mederosturu,861,1761,False,False,False,False,2206,2381,0.97,0.43,0.09,0.07,0,18-24
sararebecca23,1216,3183,False,False,False,False,325,978,0.18,0.0,0.06,0.03,2,25-xx
explosivo06,2718,10254,False,False,False,False,480,814,1.04,0.21,0.01,0.05,0,25-xx
caamilachaparro,1559,33525,False,False,False,False,2990,15112,0.56,0.0,0.11,0.74,2,18-24
flor_fferreyra,170,1928,False,False,True,False,114,1634,0.11,0.01,0.02,1.09,0,18-24
aguusalvarez12,553,53484,False,True,True,False,748,4389,0.14,0.01,0.07,0.53,0,18-24
eduardorivolta,1529,9319,False,True,True,True,322,6238,0.65,0.06,0.04,0.1,1,25-xx
florrmorales22,1040,6658,False,False,False,False,926,1744,0.19,0.01,0.01,0.49,2,18-24
fernandeztonga,245,13481,False,False,True,False,243,540,0.35,0.16,0.08,0.31,0,18-24
sebascalabro,189,5578,False,False,False,False,208,846,0.25,0.01,0.02,0.19,1,18-24
lauubigoni,271,18568,False,True,True,False,370,1691,0.46,0.01,0.04,0.2,2,18-24
lauucalles1,151,29218,False,False,False,False,825,2775,0.28,0.02,0.25,1.26,0,18-24
elianacufre,1252,8116,False,False,False,False,1271,2979,0.39,0.04,0.0,1.21,0,18-24
gerklps,562,34078,False,True,True,False,360,9598,0.34,0.01,0.17,0.06,1,18-24
juanppineiro,2400,7197,False,False,False,False,861,20709,0.96,0.13,0.19,0.22,1,25-xx
nayylaromero,332,6622,False,False,True,False,326,6662,0.29,0.05,0.02,0.35,0,18-24
enzogroisman,665,3260,False,False,False,False,674,2222,0.29,0.15,0.27,0.24,0,10-17
leitogioiosa,462,9935,False,True,True,False,960,11368,0.38,0.0,0.09,0.22,1,10-17
guidobeeeeok,773,63582,False,False,False,False,1037,29538,0.42,0.0,0.16,0.16,2,18-24
zarazaga_luis,284,192,False,False,False,False,76,4,1.13,0.0,0.08,0.01,1,25-xx
cathiib,6837,31307,False,False,False,False,6255,3378,0.39,0.05,0.1,0.63,2,18-24
laluarodriguez,496,81450,False,False,False,False,1330,20864,0.33,0.0,0.03,0.65,0,18-24
sssssharo,152,3395,False,False,False,False,84,1936,0.21,0.0,0.11,0.27,2,18-24
flordirende,64,6596,False,False,True,False,205,6170,0.97,0.18,0.12,1.04,2,10-17
gonzajrr10,1796,182870,False,True,False,False,2217,9573,0.24,0.0,0.1,0.06,0,18-24
ksergio80,429,7814,False,False,False,False,240,6217,1.12,0.15,0.14,0.12,0,25-xx
anyelenfiege,3364,18681,False,False,False,False,4011,24910,0.2,0.03,0.1,1.15,0,10-17
matias__ferrero,581,10050,False,False,False,False,407,1938,0.44,0.0,0.06,0.1,1,10-17
frannoe1986,723,48872,False,False,False,True,834,39487,0.24,0.46,0.23,0.04,0,25-xx
jignaciotorresn,254,164,True,False,False,False,265,1472,1.29,0.07,0.29,0.57,1,25-xx
soleislas,362,41394,False,False,False,True,1602,5846,0.14,0.0,0.12,0.17,2,18-24
mbelenfig,271,862,False,False,False,False,78,25,0.13,0.08,0.04,0.93,2,18-24
luhherreraa,459,979,False,False,False,True,223,166,0.83,0.79,0.14,0.41,2,18-24
nicochicconi,699,28396,False,False,True,False,946,10105,0.2,0.02,0.14,0.34,0,18-24
eveschofer,460,31495,False,False,False,False,689,17246,0.22,0.01,0.05,0.92,0,18-24
tblack_r,1290,8620,False,False,True,False,1383,21826,0.2,0.09,0.06,0.74,2,18-24
peer_fede,1620,41982,False,False,True,True,2208,25564,0.36,0.02,0.09,0.11,1,18-24
tizianapeluffo1,445,2049,False,False,False,False,422,3649,0.84,0.0,0.12,0.28,0,10-17
francmessineo,1123,31658,False,False,True,False,1806,5487,0.27,0.01,0.1,0.19,1,18-24
juleriveros,261,13594,False,False,False,False,288,2774,0.22,0.01,0.04,0.29,2,18-24
franvalenzuela2,126,107,False,False,True,False,30,191,0.09,0.0,0.02,0.26,0,10-17
antoalonso1,630,37468,False,False,False,False,1004,1693,0.3,0.05,0.09,0.46,0,18-24
camilaaimem,602,12423,False,False,False,False,575,1090,0.16,0.03,0.22,0.35,2,10-17
muyoo22,665,15942,False,False,False,False,930,2343,0.24,0.0,0.0,0.1,0,18-24
sofiaabanzas,505,36847,False,False,False,False,836,3479,0.46,0.0,0.04,0.89,0,10-17
kandhe_c,208,17320,False,False,True,False,459,1922,0.3,0.01,0.1,0.82,0,18-24
mati_bentancur,165,236,False,False,False,False,89,21,0.1,0.0,0.09,0.79,1,18-24
franco_queve2,284,64157,False,False,False,False,416,3933,0.18,0.0,0.06,0.44,1,18-24
feer_delgreco,190,4577,False,False,False,False,153,3451,0.58,0.01,0.27,0.73,1,18-24
celenelaah,443,2258,False,False,False,False,95,883,0.08,0.03,0.27,0.14,0,18-24
miilycosta_1,114,3185,False,True,True,False,226,705,0.1,0.05,0.12,0.77,2,10-17
nachodiodato,388,12246,False,False,False,False,402,2627,0.29,0.0,0.03,0.15,1,18-24
yaaamicuevas,699,28608,False,False,False,True,650,78,0.17,0.03,0.14,0.61,2,18-24
mamilagrosg,310,4939,False,False,False,False,668,853,0.36,0.07,0.02,0.24,0,18-24
_wildgal,2784,31051,False,True,False,False,4209,6111,0.19,0.01,0.13,0.07,0,10-17
katecorderook,317,2839,False,False,True,False,524,977,0.02,0.4,0.02,0.83,2,18-24
pablodavid02,720,4460,False,False,True,False,710,3736,0.21,0.03,0.03,0.48,1,18-24
cami892,1161,11902,False,False,False,False,519,6178,0.12,0.02,0.05,1.07,0,10-17
s4nz1b0lud0,3534,9505,False,False,True,False,1508,20149,1.2,0.07,0.03,0.34,2,10-17
ayee_rodriguez1,359,52176,False,False,False,True,405,2455,0.19,0.01,0.18,0.53,2,18-24
ferrr_21,1817,18382,False,False,True,True,949,12157,0.1,0.04,0.16,0.43,2,18-24
aguscap98,27,83221,False,False,False,False,1926,3768,0.12,0.0,0.1,0.35,1,18-24
jennifer_okk,1899,1717,False,False,False,True,2217,5584,0.08,0.17,0.08,1.92,2,18-24
abrildomeno,446,36406,False,False,False,True,975,8168,0.22,0.0,0.11,0.21,2,18-24
aileenm87654749,177,194,False,False,True,False,34,47,0.0,0.0,0.03,0.99,0,10-17
abriltarres,1236,4198,False,True,False,False,762,1842,0.31,0.0,0.01,0.63,0,10-17
marisolartigas,146,1419,False,False,False,False,173,399,0.12,3.68,0.93,0.08,2,10-17
gastialmeyra,143,24570,False,False,False,True,261,5212,0.48,0.06,0.02,0.24,1,18-24
josefinamosser,703,92218,False,False,False,False,1609,17343,0.31,0.0,0.14,0.76,2,18-24
alonsoguada,293,47871,False,False,False,False,638,3020,0.27,0.01,0.01,0.73,2,18-24
agustinbd,95,4445,False,False,False,False,86,960,0.4,0.26,0.13,0.13,1,25-xx
markuriger,439,18662,False,True,True,False,475,7678,0.45,0.01,0.17,0.26,0,18-24
micadeleonc,785,18556,False,False,True,True,1059,4363,0.41,0.92,0.43,2.1,2,18-24
herreranicolas_,527,31200,False,False,False,True,819,20828,0.44,0.01,0.06,0.3,0,18-24
deboh_perla,271,8866,False,True,False,False,416,8765,0.18,0.01,0.01,0.88,0,18-24
belencanceco,351,3122,False,False,False,False,138,5507,0.14,0.12,0.07,0.09,0,18-24
naachomarinich,590,88387,False,False,False,False,1011,11762,0.32,0.0,0.03,0.14,1,18-24
mauroleguiok,378,1190,False,False,False,True,404,246,0.26,1.45,0.38,0.48,1,25-xx
abel_ez,221,26023,False,False,False,False,1628,0,0.94,0.16,0.17,0.1,0,10-17
fecheblanco,731,16588,False,False,True,True,333,35133,0.19,0.1,0.21,0.53,0,18-24
debraslo,1928,33986,False,False,False,False,2215,21758,0.14,0.0,0.08,0.18,0,18-24
nicoplaza57,236,1105,False,False,False,False,136,693,0.36,0.22,0.05,0.12,1,18-24
fbflorchus,1942,719,False,False,True,True,810,29,0.01,0.05,0.92,1.42,2,18-24
fede_matzner,374,110,False,False,False,False,40,507,0.9,0.28,0.16,0.5,1,18-24
ferzequeira,553,52594,False,False,False,False,811,46240,0.32,0.0,0.01,0.3,1,18-24
luucabreraok,263,2781,False,False,False,False,191,577,0.08,0.02,0.19,0.3,0,18-24
flower_inspired,2791,59354,False,False,False,False,3280,185,0.1,0.18,0.23,0.4,2,18-24
fabri_lares,437,10019,False,False,True,False,478,4009,0.19,0.02,0.07,0.51,2,18-24
alvarezbrogan,278,33648,False,False,True,False,1058,9967,0.35,0.0,0.15,0.27,1,18-24
paulaavanzini,1186,24104,False,True,False,False,1439,5629,0.47,0.01,0.1,1.3,0,18-24
ezeedominguezz,8046,45743,False,False,True,False,13439,18294,0.38,0.05,0.11,0.45,1,18-24
tinamadx,164,507,False,False,False,True,108,285,0.07,0.72,0.86,0.26,2,18-24
fgalarza_,286,619,False,True,False,False,1049,707,0.37,0.0,0.18,0.42,0,18-24
paurey8,703,16553,False,True,True,False,868,6281,0.44,0.0,0.15,1.06,1,10-17
foto_roed,126,6128,False,False,False,False,136,4,0.0,0.0,0.88,0.03,1,10-17
daniel_a_gamboa,1027,9264,False,False,False,False,276,1034,0.47,0.19,0.74,0.07,1,25-xx
ivansm96,120,7282,False,False,False,False,290,301,0.06,0.04,0.01,0.13,0,18-24
lupitaa_07,109,2727,False,False,True,False,222,2323,0.13,0.04,0.35,0.92,0,10-17
andrea46r,394,2357,False,False,False,False,55,3724,0.89,0.42,0.0,2.01,0,25-xx
marcosru2018,1236,64,False,False,False,False,333,4018,2.23,0.02,0.23,0.98,0,18-24
mercardinali,680,687,False,False,False,True,692,3139,0.68,0.63,0.09,1.12,0,18-24
thinchomontero,831,19378,False,False,False,False,854,5426,0.21,0.14,0.14,0.62,1,18-24
fossatigaston,335,390,False,False,False,True,415,208,0.2,0.01,0.0,1.2,0,10-17
ludmiilaayelenl,1131,33752,False,True,True,True,1717,3445,0.01,0.0,0.01,0.21,0,18-24
meli3620,748,10662,False,False,True,False,489,2573,0.04,0.01,0.07,1.94,2,10-17
tami_lr1,685,75696,False,False,False,False,1153,11957,0.26,0.03,0.09,0.06,0,18-24
ailudisipulo,466,25170,False,False,False,False,510,6528,0.14,0.0,0.05,0.14,0,18-24
paaziibarbero99,431,127382,False,False,False,False,715,10489,0.31,0.0,0.03,0.16,2,10-17
qacgonzalo,509,10197,False,False,False,False,275,3529,0.42,0.01,0.04,0.09,1,18-24
lurafuto,731,3453,False,False,False,False,333,597,0.95,0.62,0.29,0.47,0,25-xx
17muno,589,2874,False,False,False,False,79,3312,1.56,0.18,0.12,0.0,0,25-xx
nicoolemagali,1058,9466,False,False,False,False,1139,8983,0.18,0.0,0.12,0.69,2,18-24
paola99328434,119,9,False,False,False,False,12,1,0.5,0.0,0.0,0.13,2,25-xx
ariarteagaok,297,2067,False,False,False,False,354,2572,0.52,0.21,0.09,0.68,2,18-24
mendeguia54_pn,5001,10734,False,False,False,False,1069,6944,0.6,0.4,0.23,1.33,2,25-xx
fedepellegrini_,634,4361,False,False,False,False,2274,3172,0.51,0.8,0.29,0.46,1,25-xx
reosiempre,506,21715,False,False,False,False,768,10514,0.53,0.0,0.19,0.1,1,18-24
chocholita17,734,13260,False,False,False,True,512,741,0.09,0.01,0.09,0.77,2,18-24
breenagustina1,359,2402,False,True,True,False,76,2037,0.24,0.01,0.03,0.74,2,10-17
maufernandez7,539,7912,False,True,False,True,539,4933,0.22,0.03,0.08,0.41,0,18-24
mililonzo1,1068,15169,False,False,False,False,1115,1297,0.5,0.03,0.05,1.87,2,18-24
milagrosfelixd1,1090,10214,False,False,False,False,77,7075,1.23,0.07,1.0,2.41,2,18-24
nahuelgabrielra,767,10150,False,False,False,False,1015,3687,0.55,0.0,0.11,0.19,0,18-24
susana_scala,388,2017,False,False,False,False,347,1493,0.45,0.22,0.03,0.45,2,18-24
merlogonzaloo,927,1050,False,False,False,False,537,723,0.24,0.01,0.05,0.43,1,18-24
_franciscost,648,22228,False,True,True,False,1990,7486,0.26,0.0,0.04,0.34,0,18-24
jopoopareja,340,9369,False,False,False,False,485,2094,0.08,0.0,0.13,0.51,1,18-24
lucianacaneda,534,6047,False,True,False,True,410,1119,0.15,0.08,0.21,0.6,0,18-24
maxiiiramos,675,11402,False,False,False,False,722,3362,0.31,0.01,0.07,0.42,1,18-24
santi_durann,989,46507,False,False,False,False,1668,18959,0.48,0.0,0.04,0.04,0,18-24
furtadogus,655,19254,False,False,False,False,392,4152,0.32,0.78,0.46,0.25,1,25-xx
elezeb,784,460,False,False,True,False,285,189,0.25,0.03,0.02,0.45,0,18-24
airee97,612,41660,False,False,True,False,420,38357,0.1,0.04,0.01,0.59,1,18-24
macajfarias,255,285,False,False,False,False,111,97,0.01,0.05,0.1,1.01,0,18-24
maiikoldadamia,131,1096,False,False,False,False,189,849,0.2,0.0,0.0,0.82,1,10-17
t_belen98,784,15777,False,False,True,False,895,22382,0.23,0.0,0.07,0.83,0,18-24
tomyvelardez10,330,3015,False,False,False,False,106,1377,0.15,0.02,0.05,0.85,0,10-17
cele10rodriguez,441,4348,False,False,False,False,387,814,0.14,0.04,0.11,0.32,1,18-24
sasara315,150,1044,False,False,True,False,141,195,0.09,0.04,0.22,0.96,0,18-24
lespindola,620,15588,False,False,False,False,653,4614,0.15,0.01,0.01,0.86,0,18-24
abbriguzman,337,924,False,False,False,True,255,249,0.07,0.07,0.09,0.4,2,10-17
braigermanotta,1280,3028,False,False,False,False,591,3935,0.41,0.51,0.08,0.39,0,18-24
braiinacuraok,765,23408,False,True,True,True,717,1080,0.16,0.01,0.03,0.66,0,18-24
anfavalok,562,48175,False,False,False,True,657,6883,0.55,0.67,0.72,0.47,2,18-24
jona_garciaa,271,8208,False,False,True,False,374,1890,0.18,0.02,0.02,0.35,1,18-24
geraalsoria,194,9680,False,False,False,True,238,3712,0.05,0.02,0.23,0.39,0,18-24
camilostuber,33,3104,False,False,False,False,192,763,0.13,0.01,0.02,0.48,0,10-17
lucaslepera9,931,464,False,False,True,False,747,430,0.58,0.27,0.04,0.36,0,10-17
chiquirodrguez,1037,49074,False,False,True,False,1848,20094,0.26,0.0,0.08,0.13,2,18-24
rodrii_akd_s2,1051,35393,False,False,True,True,1011,1044,0.01,0.01,0.3,0.25,1,18-24
marianoaguus,687,2178,False,True,True,False,318,1623,0.49,0.16,0.2,0.26,1,18-24
sergiodanielve1,397,4214,False,False,False,False,434,2393,0.73,1.27,0.25,0.03,0,10-17
nahuelpetto,943,45004,False,False,False,False,1105,9068,0.57,0.0,0.07,0.38,1,18-24
dannyailen,1242,1642,False,False,False,True,401,111,0.21,0.01,0.05,0.21,2,18-24
avecillamili,254,16415,False,False,False,False,498,6339,0.16,0.02,0.1,1.11,2,18-24
matiasfritzz,274,6040,False,True,False,True,473,466,0.15,0.31,0.08,0.19,1,10-17
barbykubar,1739,29867,False,False,False,False,786,19258,0.16,0.02,0.08,1.5,2,18-24
thefoolxshone,202,15163,False,False,True,False,278,957,0.13,0.26,0.14,0.2,0,18-24
nicozarrelli,805,10384,False,False,True,False,804,9508,0.62,0.0,0.06,0.21,1,18-24
yazmin45401309,97,176,False,False,False,False,17,299,0.56,0.17,0.0,0.67,2,10-17
ignacioba23,145,150,False,False,False,False,65,38,1.74,0.29,0.17,0.31,0,25-xx
alesilvero2,926,2880,False,False,True,True,1129,3738,0.08,0.1,0.03,1.0,0,10-17
eliiarancibia02,1647,6983,False,False,False,True,904,1926,0.25,0.0,0.0,0.46,2,10-17
kevinluchetta,500,88310,False,False,False,True,791,4250,0.39,0.0,0.0,0.13,0,18-24
yaamiimz,634,9307,False,False,False,False,703,1134,0.08,0.0,0.0,1.04,2,18-24
agustinaaruvira,419,18344,False,False,False,False,535,4988,0.19,0.0,0.0,0.92,2,18-24
juuanlarsen,248,3946,False,False,False,False,774,3893,3.45,0.0,0.0,0.31,0,18-24
lnavarreta,1051,15333,False,False,False,False,1117,416,0.09,0.0,0.0,0.27,2,18-24
cabragnr,1047,62780,False,False,False,False,1653,9011,0.42,0.0,0.0,0.17,2,18-24
hdfernandez,406,921,False,False,False,False,278,184,0.75,0.0,0.0,0.18,0,10-17
pedroxfer,608,16852,False,True,True,False,732,6405,0.53,0.0,0.0,0.12,1,18-24
emi_andes,259,14083,False,False,True,False,265,10832,0.19,0.0,0.0,0.24,1,18-24
sofiinromero,44,1381,False,False,False,True,83,399,0.98,0.0,0.0,0.26,2,18-24
crisfigueroa00,790,35657,False,False,True,False,1017,16113,0.44,0.0,0.0,0.07,0,10-17
gonzalezsoff,758,5549,False,False,False,False,923,3230,0.45,0.0,0.0,1.47,0,10-17
floaloy,857,20526,False,False,False,False,1112,3929,0.55,0.0,0.0,1.0,2,10-17
ezeborstelmann,219,5385,False,False,False,False,364,2111,0.21,0.0,0.0,0.44,1,18-24
toomyraffin,216,22189,False,True,True,False,272,6029,0.38,0.0,0.0,0.07,1,18-24
vickyycastorina,1667,52352,False,False,True,False,2036,34196,0.11,0.0,0.0,0.21,0,10-17
s4dnessdepress,187,824,False,False,False,False,35,2645,0.12,0.0,0.0,0.06,2,10-17
karenmartel_,644,82507,False,False,True,True,655,424,0.08,0.0,0.0,0.48,0,18-24
melisosa13,724,17664,False,False,False,True,1110,5066,0.29,0.0,0.0,0.76,2,18-24
gonzacarraro,273,6210,False,False,False,True,299,1552,0.25,0.0,0.0,0.35,0,18-24
forrainmaduraok,1085,4103,False,False,False,True,951,2352,0.2,0.0,0.0,1.0,2,10-17
gonzalobgrosso,238,9581,False,False,True,False,366,9309,0.36,0.01,0.03,0.25,0,18-24
rorro_d,1181,44011,False,False,False,False,1225,6018,0.37,0.46,0.05,0.86,1,25-xx
mariiarana15,271,9458,False,False,False,False,284,1063,0.05,0.02,0.05,0.95,2,18-24
micaperk,1278,20808,False,False,True,False,1149,3615,0.08,0.01,0.12,0.94,2,18-24
ferper121201,538,18954,False,True,False,False,988,8595,0.33,0.0,0.11,0.37,0,10-17
nahuelbaldoma,240,3109,False,False,False,False,511,1218,0.56,0.12,0.16,0.36,0,10-17
marcefrontale,719,264,False,False,False,False,57021,11,0.6,0.16,0.17,0.02,1,25-xx
naachoherrera1,866,17701,False,False,False,False,993,3947,0.43,0.01,0.03,0.25,1,18-24
agusmansilla17,133,1891,False,False,True,False,129,179,0.03,0.0,0.01,0.04,2,18-24
mikygnr,1045,62784,False,False,False,False,1652,9016,0.42,0.0,0.07,0.17,2,18-24
chrismacias1510,692,10449,False,False,False,False,723,7660,0.31,0.03,0.18,0.12,1,18-24
micagamer23,333,226,False,False,False,False,72,464,1.16,0.0,0.0,1.0,0,10-17
gabrielkoszko,1661,39474,False,False,True,False,2620,14511,0.39,0.0,0.07,0.22,1,18-24
acostaailu_,1271,8122,False,False,True,False,1843,10435,0.0,0.26,0.22,1.53,0,18-24
hugo_diez10,296,707,False,False,False,False,73,157,0.0,0.21,0.07,0.02,0,18-24
wistonguerra,584,1034,False,False,False,False,446,252,0.0,0.01,0.0,0.01,1,25-xx
micaelareinak,766,83324,False,False,False,False,938,17403,0.0,0.0,0.07,0.5,0,18-24
otrapelotuda_,636,31056,False,False,True,False,845,12460,0.0,0.02,0.08,0.03,0,25-xx
ailenarmada,357,13210,False,False,False,True,594,769,0.0,0.08,0.05,0.6,2,18-24
claudio_felipe0,670,15433,False,False,False,False,311,15855,0.0,0.16,0.18,0.2,1,18-24
veroschinoni,367,21719,False,False,False,False,577,1000,0.0,0.01,0.02,0.35,2,18-24
ezequielreal10,659,190,False,False,False,False,262,1611,0.0,0.04,0.0,2.05,0,10-17
caami_petullo,3497,11089,False,False,True,False,2960,6826,0.0,0.03,0.12,1.1,0,18-24
neit_rc,336,3959,False,False,False,True,384,334,0.0,0.16,0.08,0.13,1,18-24
eduardo38313931,136,315,False,False,False,False,4,7,0.0,0.0,0.01,0.01,0,25-xx
canelulyyy,903,5689,False,False,False,False,504,255,0.0,0.21,0.03,0.48,2,18-24
laraschiel,643,6366,False,False,False,False,1099,2401,0.0,0.01,0.04,1.18,0,10-17
martinaa051,460,2940,False,False,False,False,561,1652,0.0,0.0,0.0,1.04,0,10-17
emanuelpelua7,154,24,False,False,True,False,14,516,0.0,0.2,0.0,1.2,1,10-17
vikiimiraballes,768,26003,False,False,False,False,1122,1729,0.08,0.0,0.06,0.33,1,10-17
djfrancorecords,496,4658,False,False,False,False,217,584,0.13,0.04,0.1,0.35,1,18-24
elnegrobriann,168,12455,False,False,False,False,1469,5249,0.67,0.0,0.14,0.23,0,18-24
alduad,618,2079,False,False,False,False,639,849,0.14,0.01,0.09,0.99,2,10-17
jorge_stereo,1459,20870,False,False,True,False,1114,6691,0.14,0.18,0.23,0.03,0,18-24
aylenlavalletto,840,16892,False,False,False,True,899,4180,0.49,0.0,0.02,0.76,0,18-24
franiipanita,404,7198,False,False,False,False,438,7885,0.4,0.0,0.1,0.08,1,10-17
rocciocabano,195,8210,False,False,False,False,153,3376,0.11,0.0,0.0,0.49,2,18-24
andrecaprani,664,8938,False,False,False,False,356,1949,0.3,0.5,0.27,0.46,0,25-xx
lucasvidela00,331,7842,False,False,True,False,371,3855,0.25,0.01,0.16,0.97,0,18-24
coqqoo,772,20225,False,False,False,False,5493,714,0.14,0.08,0.02,0.09,0,18-24
canariaa10,357,465,False,False,False,False,143,176,0.19,0.02,0.27,0.46,2,10-17
carosa_93,945,744,False,False,False,False,333,137,0.12,0.01,0.08,0.42,2,18-24
ulises_aubel,1211,30440,False,False,False,False,1154,11319,0.54,0.0,0.16,0.2,0,18-24
antoaguirre05,1032,43430,False,False,False,True,1125,9234,0.0,0.0,0.0,1.0,2,18-24
valetabarees,863,18107,False,False,False,False,806,5198,0.25,0.0,0.08,0.44,2,18-24
deviasofia18,37,96,False,True,False,False,23,163,0.88,0.02,0.0,0.06,2,10-17
ana__soto,1159,15151,False,False,False,True,1375,21929,0.42,0.0,0.07,0.98,0,10-17
lourbolo,929,10975,False,False,False,False,977,5108,0.0,0.0,0.0,1.0,0,18-24
lautakischi_,261,28919,False,False,False,False,343,8671,0.38,0.05,0.04,0.64,1,18-24
talleres_unidos,98,71,False,False,False,False,51,5,0.0,1.0,0.0,0.0,0,18-24
fabiomartinez1,124,388,False,False,False,False,83,104,1.0,0.0,0.0,0.0,1,25-xx
simooseijas,412,26924,False,False,False,False,476,1948,0.4,0.02,0.05,0.54,1,18-24
katherineabreu3,444,11950,False,False,False,True,542,1960,0.08,0.06,0.15,0.41,0,18-24
ursucollantesbl,372,5573,False,False,True,False,410,4607,0.37,0.08,0.03,0.69,2,25-xx
agusangelotti,438,13823,False,False,False,True,853,4763,0.36,0.0,0.21,0.31,0,10-17
melukawaii123,228,2726,False,False,False,False,112,4733,1.0,0.0,0.0,0.0,2,10-17
nahuel_acosta97,1326,14188,False,False,True,False,744,12017,0.24,0.0,0.05,0.91,1,18-24
conny_scaduto27,766,1323,False,False,True,False,124,1367,0.0,0.0,0.0,1.0,0,10-17
leandros96,482,16060,False,False,False,True,366,497,0.2,0.06,0.03,0.3,1,18-24
sositayoa,2125,164,False,False,False,False,197,183,0.04,0.04,0.04,0.75,0,18-24
anisan23,96,741,False,False,False,False,82,185,0.12,0.04,0.02,0.03,1,25-xx
damiantwr,263,284,False,False,False,False,188,540,0.66,0.21,0.07,0.03,2,25-xx
alvaropole,330,6181,False,False,False,True,185,434,0.18,0.19,0.05,0.3,1,18-24
gino_delu,103,9277,False,False,False,False,266,1400,0.29,0.01,0.01,0.04,1,18-24
kaianetaiel27,448,2586,False,False,False,False,351,666,0.0,0.0,0.0,1.0,2,18-24
ivan_izqy,1143,19918,False,False,False,False,1409,5134,0.0,0.0,0.0,1.0,0,18-24
inspectoresdetr,249,911,False,False,False,False,171,120,0.85,0.06,0.14,0.07,0,25-xx
turdosalvador,557,3910,False,False,False,False,245,38,0.59,0.64,0.38,0.04,1,10-17
lucasmiguez22,1471,66021,False,False,True,False,1782,52539,0.33,0.03,0.08,0.28,0,18-24
milibertoldi,177,6092,False,False,False,False,268,2937,0.14,0.03,0.05,0.39,2,18-24
clarii_elove,3833,5400,False,False,False,True,983,396,0.02,0.12,0.13,0.23,0,18-24
agoosbusso,1253,6229,False,False,False,False,590,3383,0.0,0.0,0.0,1.0,2,18-24
agusvillaarreal,428,18979,False,False,True,True,770,5692,0.24,0.0,0.05,0.56,2,18-24
antocalzada23,300,9287,False,True,False,False,429,1679,0.06,0.01,0.0,0.27,0,18-24
alanpachecooo,1335,131073,False,False,True,False,2919,4008,0.43,0.0,0.05,0.77,1,18-24
melimansilla23,789,17044,False,True,True,False,649,3877,0.14,0.0,0.01,0.87,0,10-17
pinillamauri,2228,11303,False,False,False,False,3546,15881,0.34,0.09,0.03,0.58,0,25-xx
tanitoog,389,38130,False,False,True,False,669,8317,0.61,0.03,0.03,0.33,0,18-24
arielchampanier,333,4307,False,False,False,False,1236,262,0.31,0.01,0.16,0.03,1,10-17
nicolasrezano,67,26,False,False,False,False,338,2753,0.08,0.0,0.42,0.33,0,18-24
brianzehnderok,763,13540,False,False,False,False,1505,7265,0.38,0.5,0.17,0.24,0,18-24
lucorripio,1017,24406,False,False,False,False,1071,4877,0.0,0.0,0.0,1.0,0,18-24
claricaballeroo,912,28563,False,False,True,False,1079,11688,0.26,0.0,0.04,0.95,2,18-24
gastton6,399,10641,False,False,True,False,732,1828,0.12,0.0,0.09,0.4,1,18-24
celestenadalin,298,2784,False,False,False,False,533,2620,0.65,0.11,0.06,0.82,0,18-24
aguswinehouse,351,9212,False,False,False,False,363,5484,0.0,0.0,0.0,1.0,1,18-24
martintf1,153,4914,False,False,False,False,1603,28,0.68,0.17,0.37,0.04,1,25-xx
joakoonetto,420,3738,False,False,False,False,507,4566,0.3,0.01,0.24,0.4,0,10-17
trilceramona,46,597,False,False,False,False,30,5,0.63,0.16,0.16,0.03,1,25-xx
avalos_01,244,8694,False,False,False,False,287,2642,0.0,0.0,0.0,1.0,2,18-24
naylasacchi,434,12157,False,False,True,False,1930,8680,0.42,0.02,0.09,0.09,0,18-24
rocionaizke1,218,2030,False,False,False,False,131,909,0.0,0.0,0.0,1.0,2,18-24
alecordoba99,224,14594,False,True,True,False,326,6886,0.41,0.0,0.13,0.78,1,18-24
ailenskerlj,3659,48919,False,True,True,True,3486,1041,0.04,0.0,0.04,0.44,2,18-24
vanechiolini,586,40288,False,False,True,False,939,7449,0.05,0.02,0.08,0.23,0,18-24
vittodevitt,264,21550,False,True,False,False,282,3175,0.49,0.0,0.08,0.41,0,18-24
chinojsg,335,38605,False,False,False,False,790,7555,0.19,0.0,0.42,0.52,1,18-24
santiimotta,1107,21457,False,False,False,True,842,749,0.56,0.02,0.05,0.37,1,18-24
zaii_aiilen,823,4353,False,False,True,False,1144,3813,0.0,0.0,0.0,1.0,2,18-24
agussdrago,441,2343,False,False,False,True,267,3515,0.4,0.64,0.61,0.44,2,18-24
melaalvarezok,898,32218,False,False,False,True,684,10588,0.0,0.0,0.0,1.0,2,10-17
ezefretes,812,2375,False,False,False,False,9386,718,0.91,0.1,0.17,0.02,1,10-17
luciaide93,520,4689,False,False,False,False,711,4860,0.71,0.0,0.02,0.25,2,18-24
agustinquevedo_,333,15170,False,False,True,False,346,7244,0.38,0.01,0.16,0.08,0,18-24
tomiisilvestre,482,5507,False,True,False,False,154,1824,0.26,0.01,0.15,0.42,1,10-17
daianamln,1338,22129,False,False,True,False,1483,7673,0.28,0.0,0.01,0.22,2,18-24
campicindy2,239,3963,False,False,False,False,428,756,0.0,0.0,0.0,1.0,0,10-17
luudmiipeerez,343,15692,False,False,False,False,452,7141,0.14,0.0,0.01,0.87,2,10-17
joagonzalezf97,658,1761,False,False,False,False,343,709,0.21,0.47,0.04,0.58,0,18-24
aniitacaru,475,41408,False,True,False,True,834,8459,0.31,0.17,0.19,0.48,2,18-24
toledoceleste_,585,384,False,False,True,False,175,65,0.18,0.04,0.08,0.63,2,10-17
barbyylujan,217,623,False,True,True,True,125,615,0.09,0.02,0.11,0.76,2,10-17
rogarcia___,1091,36225,False,False,True,False,1486,16737,0.32,0.0,0.04,0.28,2,18-24
lucasparadi,467,20312,False,True,False,True,543,2319,0.51,0.01,0.03,0.23,0,18-24
the_pelado,541,4143,False,False,False,False,396,596,0.81,0.39,0.26,0.2,1,25-xx
juani_reyes17,146,463,False,False,False,False,94,320,0.1,0.04,0.02,0.28,0,10-17
shoaburgos,362,6479,False,False,False,False,438,1266,0.25,0.05,0.02,0.47,0,18-24
ludmi39752945,129,135,False,False,True,False,127,82,0.0,0.0,0.0,1.0,0,10-17
gildaglaria,138,194,False,False,False,False,146,133,0.27,0.03,0.52,0.11,1,25-xx
melivarelacid,642,14012,False,False,True,True,773,733,0.06,0.03,0.02,0.31,0,18-24
