id,predicted age,realAge
ralphalmuser,10-17,18-24
mrtfernandez,35-49,35-49
olgarodriguezfr,35-49,35-49
vigelacoaching,10-17,35-49
mfeijoo,25-34,35-49
marta_dominguez,18-24,35-49
luistomala,35-49,25-34
chgarciacortes,35-49,50-64
maitefinch,35-49,35-49
rafadiaz1,35-49,25-34
mateodomenech,18-24,50-64
vanis,25-34,35-49
thffernando,35-49,35-49
pfcdgayo,10-17,35-49
helenaresano,25-34,35-49
jgarridoo,18-24,50-64
joancmarch,50-64,50-64
etnika,25-34,25-34
diegocobelo,35-49,25-34
julietabolullo,10-17,25-34
jesusencinar,25-34,35-49
morenobarber,35-49,50-64
evacolladoduran,50-64,35-49
lutxana,10-17,25-34
ebdtraining,50-64,25-34
petezin,35-49,25-34
clementealvarez,35-49,35-49
albertoartero,35-49,35-49
joanplanas,35-49,25-34
hector_cabrera_,18-24,35-49
energica,18-24,25-34
granero,25-34,35-49
mgdelpozuelo,35-49,35-49
catyforteza,10-17,25-34
msconcu,25-34,35-49
billiesastre,35-49,35-49
sergeyodintsov,18-24,18-24
charoizquierdo,50-64,50-64
perejoanmitjans,25-34,50-64
_anamilan_,35-49,35-49
wellcomm,25-34,50-64
rodriguezbraun,25-34,65-xx
gomezrufo,18-24,50-64
manuelgimnez,18-24,35-49
elissambura,50-64,35-49
esperanzaguirre,35-49,50-64
e_valero,18-24,35-49
cutefilm,25-34,25-34
alesonline,18-24,25-34
adelaidauma,50-64,65-xx
teresa_perales,35-49,35-49
hacheromero,18-24,35-49
carmenalcayde,35-49,35-49
mlpassio,35-49,35-49
anttomartina,35-49,18-24
dianamateos10,10-17,10-17
natalia62936723,18-24,10-17
lucrerusa2,18-24,10-17
_brisa17abigail,18-24,10-17
agus_gonzalez26,18-24,18-24
natanahelcndf,18-24,18-24
candelarodrgu13,10-17,10-17
fedeabatangelo,18-24,18-24
alejandroide_25,18-24,25-34
alemandra19,18-24,18-24
jul14nbarissani,18-24,18-24
leogomez9999,18-24,10-17
oriigartland,18-24,10-17
solemi245,18-24,10-17
nahir_intorre,10-17,18-24
federiicogrosso,10-17,25-34
neverlandlss,18-24,10-17
brianramirez98,18-24,18-24
lucianovillalv1,10-17,10-17
manu_zarzoso,18-24,18-24
yulijusto13,18-24,10-17
roomiicaceress,10-17,18-24
victoriacarrat2,18-24,10-17
antogabas,18-24,10-17
toni_pre,25-34,35-49
meliijiji,18-24,18-24
plakards,25-34,25-34
yuliireynoso,10-17,18-24
lucasanhornok,18-24,10-17
sanabria_daiana,18-24,18-24
littlepearlblue,10-17,10-17
joyfernandz,10-17,18-24
selenebasualdo,18-24,18-24
dangaer,18-24,25-34
sofiintvg,18-24,18-24
projaok,18-24,10-17
oliverapipi,10-17,10-17
leytonley,18-24,18-24
diegocastagno,18-24,25-34
laligoias,18-24,18-24
vicoelgart,10-17,18-24
juaniruss,18-24,18-24
joseplut104,18-24,18-24
anahirrii,10-17,25-34
antotusa,18-24,18-24
delfibruzzone,18-24,18-24
federicamarilla,10-17,35-49
mirtha4620,10-17,65-xx
rojasmimi,18-24,18-24
valelucas_95,18-24,18-24
tatianamartin3z,10-17,10-17
axelfansmfet,25-34,10-17
vcastroemilia,10-17,25-34
jluisfoglia,10-17,10-17
matiasnicolet,18-24,35-49
sistimartin,18-24,18-24
daniimndez1,18-24,18-24
abybeautyexpert,25-34,10-17
javyyvarela,18-24,18-24
gustavoanselmi1,10-17,35-49
lu_leg_,10-17,10-17
jennyabigail7,18-24,18-24
mikaa_mozzillo,18-24,10-17
marinoni22,10-17,18-24
gustavogon1998,10-17,18-24
orellanojuliana,18-24,18-24
santtimartinez5,35-49,25-34
pasu97,18-24,18-24
daysanabria96,18-24,10-17
valentinnn_gg,18-24,18-24
carorossio1,18-24,18-24
abruuledesma,18-24,10-17
morelliguido_,10-17,18-24
feldikpame,18-24,18-24
meluu58,18-24,10-17
pityporcel,18-24,10-17
quintanaili,18-24,10-17
rossicamiiii,18-24,18-24
maluquinteirook,18-24,18-24
trinicorbetto,18-24,18-24
fedecaetano_1,18-24,18-24
hillegassah,18-24,18-24
alexisgabriel_s,25-34,18-24
juliroldan_,18-24,10-17
fede_canepa79,10-17,18-24
santiagocalerok,18-24,25-34
jjoacosala_2_5,18-24,10-17
lhraste,18-24,10-17
soofividelaa,18-24,10-17
rodriibaez8,18-24,10-17
adrialba97,18-24,18-24
chrispysny,18-24,18-24
romiosenda,10-17,25-34
_anitaquiroga,18-24,18-24
barbicaparros,18-24,18-24
cordemaca,18-24,10-17
_garii__,18-24,10-17
haydeefachelli,18-24,25-34
paovillalba19,18-24,18-24
thaliguiniazu,18-24,18-24
florvmipride,18-24,18-24
katiibent,10-17,18-24
fariasxiomara1,18-24,18-24
aldiibogado1,18-24,18-24
victoriabritos8,10-17,10-17
eliascarranz,10-17,10-17
oliveramatias96,35-49,18-24
marielloza,18-24,18-24
lauu00,18-24,10-17
