ageNaiveBayes,ageRandomForest,id,realAge
18-24,25-xx,ralphalmuser,18-24
25-xx,25-xx,mrtfernandez,25-xx
25-xx,25-xx,naturalvoyager,25-xx
25-xx,25-xx,mfeijoo,25-xx
25-xx,25-xx,antoniorull,25-xx
25-xx,25-xx,alberto_blanco,25-xx
25-xx,25-xx,ser_seo,25-xx
25-xx,25-xx,marta_dominguez,25-xx
25-xx,25-xx,chgarciacortes,25-xx
25-xx,25-xx,rafadiaz1,25-xx
25-xx,25-xx,mateodomenech,25-xx
25-xx,25-xx,vanis,25-xx
25-xx,25-xx,thffernando,25-xx
25-xx,25-xx,pfcdgayo,25-xx
25-xx,25-xx,jgarridoo,25-xx
25-xx,25-xx,pep_jimenez,25-xx
25-xx,25-xx,joancmarch,25-xx
25-xx,25-xx,etnika,25-xx
25-xx,25-xx,diegocobelo,25-xx
25-xx,25-xx,julietabolullo,25-xx
25-xx,25-xx,jesusencinar,25-xx
25-xx,25-xx,jordimirobruix,25-xx
25-xx,25-xx,pepecuesta,25-xx
25-xx,25-xx,juancmselma,25-xx
25-xx,25-xx,morenobarber,25-xx
25-xx,25-xx,monicamoro,25-xx
25-xx,25-xx,evacolladoduran,25-xx
25-xx,25-xx,lutxana,25-xx
25-xx,25-xx,susannagriso,25-xx
25-xx,25-xx,joanplanas,25-xx
25-xx,25-xx,milaximenez,25-xx
25-xx,25-xx,jesusgallent,25-xx
25-xx,25-xx,corallarrosa,25-xx
25-xx,25-xx,almarro1,25-xx
25-xx,18-24,catyforteza,25-xx
25-xx,25-xx,miss_belmont,18-24
25-xx,25-xx,aliciapomares,25-xx
25-xx,25-xx,billiesastre,25-xx
25-xx,25-xx,pcvillarcayo,25-xx
25-xx,25-xx,lourdesverger,25-xx
18-24,25-xx,_anamilan_,25-xx
25-xx,25-xx,wellcomm,25-xx
25-xx,25-xx,albeitar,25-xx
25-xx,25-xx,manuelgimnez,25-xx
25-xx,25-xx,elissambura,25-xx
25-xx,25-xx,el_pakozoico,25-xx
25-xx,25-xx,luisdiazdeldedo,25-xx
25-xx,25-xx,mlaudisio,25-xx
25-xx,25-xx,flowergirona,25-xx
25-xx,25-xx,carmengelices,25-xx
25-xx,25-xx,juanlusanchez,25-xx
25-xx,25-xx,monicadeza,25-xx
25-xx,25-xx,juancbarcelo,25-xx
25-xx,25-xx,ingeosolum,25-xx
25-xx,25-xx,amigerpe,25-xx
25-xx,25-xx,tinofernandez,25-xx
25-xx,25-xx,carmenalcayde,25-xx
18-24,18-24,brunopintom,18-24
18-24,18-24,daaaibravo5,18-24
18-24,18-24,giulianodanok,18-24
18-24,18-24,natiferreirac,18-24
25-xx,25-xx,rosariomagnou,25-xx
18-24,18-24,mmarcosgodoy97,18-24
10-17,18-24,aguuus28,18-24
10-17,18-24,jhohanaaaam,10-17
10-17,18-24,jul14nbarissani,18-24
25-xx,25-xx,camfla,25-xx
18-24,18-24,oriigartland,10-17
18-24,18-24,joakomirasol,18-24
18-24,18-24,fraancodaaniel1,10-17
18-24,18-24,francoserra17,18-24
18-24,18-24,paulapinzone,18-24
18-24,10-17,rociovecino_18,18-24
25-xx,25-xx,carlosgomezuy,10-17
18-24,18-24,anitafraga,18-24
18-24,18-24,lucianovillalv1,10-17
18-24,18-24,manu_zarzoso,18-24
18-24,18-24,roomiicaceress,18-24
18-24,18-24,patitolujan75,18-24
18-24,18-24,pablopiriz17,18-24
25-xx,10-17,elvikingogordo,25-xx
18-24,18-24,yuliireynoso,18-24
18-24,18-24,karusilva1,10-17
10-17,18-24,paufrancisco123,10-17
18-24,18-24,criscedola,18-24
18-24,18-24,caritofrias99,18-24
18-24,18-24,littlepearlblue,10-17
18-24,10-17,camiib14,18-24
18-24,18-24,luzcattaneo,18-24
18-24,18-24,flocamarano,18-24
18-24,18-24,gonzalopessano_,18-24
18-24,18-24,agusmerlojr,18-24
18-24,10-17,karolse48822803,18-24
18-24,18-24,fraacoronel,18-24
10-17,18-24,galebuena,10-17
18-24,18-24,camilaceleste96,18-24
18-24,18-24,nellygalotta,18-24
18-24,18-24,jb_joacobolso,10-17
18-24,18-24,antotusa,18-24
18-24,18-24,nahuelrussialv1,18-24
18-24,18-24,andreamachado57,18-24
25-xx,10-17,cocomendeguia54,25-xx
18-24,18-24,blasesquenon,10-17
18-24,18-24,josemramirez26,18-24
18-24,18-24,camionrrubio,18-24
18-24,18-24,tatianamartin3z,10-17
18-24,18-24,paulimoraless,18-24
18-24,18-24,roldanrodrigo3,10-17
18-24,18-24,lucianocabj110,18-24
18-24,18-24,jeffpaternalok,18-24
18-24,18-24,nicolasmesa93,18-24
18-24,18-24,spastrana_01,10-17
18-24,18-24,belenmansur,18-24
18-24,18-24,lariramirez4,10-17
18-24,18-24,juampps,10-17
18-24,10-17,santiimontielok,10-17
18-24,18-24,carboneraa1891,18-24
18-24,18-24,gustavoanselmi1,25-xx
25-xx,25-xx,liberluna,18-24
18-24,18-24,cayuyulii,18-24
25-xx,10-17,jennyabigail7,18-24
10-17,18-24,alan_corrarello,18-24
10-17,18-24,thiagobarriosrp,10-17
18-24,18-24,gimenatb,18-24
18-24,18-24,jonisuarez,25-xx
10-17,18-24,julieta1252,18-24
18-24,18-24,pasu97,18-24
18-24,18-24,naiaramallo,25-xx
18-24,18-24,valentinnn_gg,18-24
18-24,18-24,guilleceentral,18-24
18-24,10-17,wolfhardbebito,10-17
18-24,18-24,morelliguido_,18-24
18-24,18-24,feldikpame,18-24
18-24,18-24,fatima_ro13,18-24
18-24,18-24,silvinaduck,18-24
18-24,18-24,pinedatatiana95,18-24
18-24,18-24,maleerok,18-24
18-24,18-24,marudelutis,10-17
18-24,18-24,agusvidalok,18-24
18-24,18-24,micaelitae,18-24
18-24,18-24,brianbentancor5,18-24
25-xx,18-24,alexisgabriel_s,18-24
18-24,18-24,ultraseptimus,25-xx
18-24,18-24,fede_canepa79,18-24
18-24,18-24,flor_belieber5,10-17
18-24,18-24,franco98silva,18-24
10-17,18-24,analiaf2014,10-17
18-24,18-24,rociovecino_19,18-24
18-24,18-24,guzmanpaz99,18-24
18-24,18-24,soofividelaa,10-17
18-24,18-24,rodriibaez8,10-17
18-24,18-24,macaaabel,10-17
18-24,18-24,pettytaberner,18-24
18-24,18-24,carolinariver_,18-24
18-24,18-24,chrispysny,18-24
10-17,10-17,mbarrangu,18-24
18-24,18-24,meliigonzzz,18-24
25-xx,25-xx,sanguinettij,18-24
18-24,18-24,diegong7,18-24
18-24,18-24,joacoodelcampo,10-17
18-24,18-24,ignaciocrespo97,18-24
18-24,18-24,laurazalazar3,18-24
10-17,18-24,florvmipride,18-24
18-24,18-24,katiibent,18-24
10-17,10-17,agusquirozgauna,10-17
18-24,18-24,francocabj32,18-24
18-24,18-24,victoriabritos8,10-17
18-24,18-24,eliascarranz,10-17
18-24,18-24,marielloza,18-24
18-24,18-24,kmy332,18-24
18-24,18-24,antolabriola_,18-24
18-24,18-24,macu_abrigo,18-24
25-xx,25-xx,apu_mederosturu,18-24
25-xx,25-xx,explosivo06,25-xx
18-24,18-24,caamilachaparro,18-24
18-24,18-24,flor_fferreyra,18-24
18-24,18-24,nayylaromero,18-24
18-24,18-24,cathiib,18-24
18-24,18-24,gonzajrr10,18-24
25-xx,10-17,jignaciotorresn,25-xx
18-24,18-24,luhherreraa,18-24
18-24,18-24,muyoo22,18-24
18-24,18-24,mati_bentancur,18-24
18-24,18-24,mamilagrosg,18-24
18-24,18-24,katecorderook,18-24
18-24,18-24,ayee_rodriguez1,18-24
10-17,18-24,abriltarres,10-17
18-24,18-24,micadeleonc,18-24
18-24,18-24,herreranicolas_,18-24
18-24,18-24,fbflorchus,18-24
25-xx,25-xx,foto_roed,10-17
18-24,18-24,lupitaa_07,10-17
25-xx,25-xx,lurafuto,25-xx
25-xx,10-17,paola99328434,25-xx
18-24,18-24,airee97,18-24
18-24,18-24,cele10rodriguez,18-24
18-24,18-24,abbriguzman,10-17
18-24,18-24,braigermanotta,18-24
18-24,18-24,alesilvero2,10-17
18-24,18-24,pedroxfer,18-24
18-24,18-24,crisfigueroa00,10-17
18-24,18-24,nahuelbaldoma,10-17
18-24,18-24,chrismacias1510,18-24
10-17,18-24,micagamer23,10-17
18-24,18-24,gabrielkoszko,18-24
18-24,18-24,otrapelotuda_,25-xx
18-24,18-24,ailenarmada,18-24
25-xx,10-17,emanuelpelua7,10-17
18-24,18-24,alduad,10-17
18-24,18-24,andrecaprani,25-xx
18-24,18-24,lucasvidela00,18-24
18-24,18-24,valetabarees,18-24
18-24,18-24,ana__soto,10-17
10-17,18-24,katherineabreu3,18-24
18-24,18-24,ursucollantesbl,25-xx
18-24,18-24,alvaropole,18-24
18-24,18-24,ivan_izqy,18-24
18-24,18-24,lucasmiguez22,18-24
